[
  {
    "Id": "144417",
    "ThreadId": "43460",
    "Html": "Hello All, <br>\r\nI rename my &quot;Title&quot; field to Title2 and now can not change back to title. I tried changing to title using this application and when I click on save i receive error message. &quot; Exception has been thrown by the target of an innovacation&quot;<br>\r\n<br>\r\nCan anyone Please tell me how to rname my field to title. <br>\r\n<br>\r\nThanks<br>\r\n",
    "PostedDate": "2009-01-05T08:36:18.517-08:00",
    "UserRole": null,
    "MarkedAsAnswerDate": null
  }
]