[
  {
    "Id": "828492",
    "ThreadId": "353565",
    "Html": "\r\n<p>Hi all,</p>\r\n<p>I`d like to ask you to help me to solve my problem.</p>\r\n<p>I am trying to use Sharepoint Manager 2010 to connect to our Sharepoint 2010 Foundation Site.</p>\r\n<p>The tool is&nbsp;run from server where the Sharepoint 2010 Foundation is installed, it is run as administrator but the only site I can see in object explorer is the default SBS SharePoint site. I cannot view out created site (Site Collection menu cannot\r\n be expanded).</p>\r\n<p>Is there any config file I cann customize to get the connection working?</p>\r\n<p>Thanks a lot for your advices.</p>\r\n<p>Igor</p>\r\n",
    "PostedDate": "2012-04-25T09:40:29.373-07:00",
    "UserRole": null,
    "MarkedAsAnswerDate": null
  },
  {
    "Id": "839292",
    "ThreadId": "353565",
    "Html": "<p>hi...problem solved...just needed to start&nbsp;iis web services root app pool...now it is working.</p>",
    "PostedDate": "2012-05-22T02:29:51.02-07:00",
    "UserRole": null,
    "MarkedAsAnswerDate": null
  }
]