[
  {
    "Id": "155725",
    "ThreadId": "46603",
    "Html": "Hello,<br>\r\n<br>\r\nSPM2007 is a great tool to dive into the sharepoint settings and modify them.<br>\r\n<br>\r\nI think many admin's are also looking for a tool which can 'documentate' all settings which are<br>\r\nmade in a sharepoint farm. A great start is could be export all setting's to XML.<br>\r\n<br>\r\nIs it possible SPM2007 get's such a feature or does anybody know a product which<br>\r\nhas this feature.<br>\r\n<br>\r\nThanks, <br>\r\n<br>\r\nGert<br>\r\n<br>\r\n<br>\r\n<br>\r\n \r\n",
    "PostedDate": "2009-02-09T02:51:44.737-08:00",
    "UserRole": null,
    "MarkedAsAnswerDate": null
  },
  {
    "Id": "184530",
    "ThreadId": "46603",
    "Html": "Documentate? Well, I would also like to generate a report or reports from this tool.  All the hard work has been done by Carsten, so we (the rest of the codeplex community) will have to step up and make a nice xml export.  Anybody have any suggestions on the simplest way to iterate the treeview to get XML down to the property level?  I'll certainly try to find some time to do it and share the code, but don't expect anything in the near future.<br>\r\n<br>\r\nAwesome tool Carsten!<br>\r\n<br>\r\nThanks,<br>\r\n<br>\r\nEric\r\n",
    "PostedDate": "2009-04-28T07:02:57.44-07:00",
    "UserRole": null,
    "MarkedAsAnswerDate": null
  },
  {
    "Id": "268088",
    "ThreadId": "46603",
    "Html": "<p>I'd love to see a way to docuement our SharePoint farm.&nbsp; We are hosting several Sharepoint sites where we also do development and testing so we have a&nbsp;situation where we have&nbsp;the &quot;same&quot;&nbsp;farm in 3 locations:&nbsp; Dev,&nbsp;Test and Live.&nbsp; Keeping the sharePoint settings consistent in these 3 envirements has been challanging.&nbsp; If we could export settings as XML, then it would be easy to use a comparison tool (Like Beyond Compare 3) to see any differences... It could slo be used to import and export certain subsets of settings.</p>\r\n<p>Has anyone seen any other products like this?</p>\r\n<p>TriadX1</p>",
    "PostedDate": "2009-12-16T09:01:16.08-08:00",
    "UserRole": null,
    "MarkedAsAnswerDate": null
  }
]