[
  {
    "Id": "100315",
    "ThreadId": "30107",
    "Html": "I'm trying to list all the sub-sites under a site which contains about 3000 sites. It always fails when trying to list the nodes, crashing when it reaches 1GB of memory saying:<br>\r\n<br>\r\n&quot;Server out of memory.<br>\r\nThere is no memory on the server to run your program. Please contact your administrator with this problem&quot;<br>\r\n<br>\r\nWhen it fails I'm using about 3,8GB out of 10GB total on the server.<br>\r\n",
    "PostedDate": "2008-06-23T02:34:44.177-07:00",
    "UserRole": null,
    "MarkedAsAnswerDate": null
  },
  {
    "Id": "100318",
    "ThreadId": "30107",
    "Html": "Sometimes the application keeps running after the error above, sometimes it doesn't. When it keeps running I get the following error for example when trying to list the properties of a List on one of the sub-sites:<br>\r\n<br>\r\n&quot;BufferedGraphicsContext cannot be disposed of because a buffer operation is currently in progress.&quot;<br>\r\n",
    "PostedDate": "2008-06-23T02:45:57.49-07:00",
    "UserRole": null,
    "MarkedAsAnswerDate": null
  }
]