[
  {
    "Id": "562718",
    "ThreadId": "245133",
    "Html": "\r\n<p>Hi!</p>\r\n<p>Thanks so much for SPM!&nbsp;</p>\r\n<p>I saw another older thread here about not being able to save changes.&nbsp; The answer on that thread is that some fields cannot be changed.&nbsp; In my case, I can't change ANY fields.&nbsp; I assume this is some sort of permissions issue, but I'm not sure\r\n what.&nbsp; The account I'm using is a Domain Admin, and a sharepoint farm admin.&nbsp; Is there some other set of privileges or role&nbsp;I need to set?</p>\r\n<p>In case it helps - what I want to do is re-attach a lookup field to a different list.</p>\r\n<p>&nbsp;</p>\r\n<p>Thanks!</p>\r\n<p>Noah</p>\r\n",
    "PostedDate": "2011-02-08T08:08:42.763-08:00",
    "UserRole": null,
    "MarkedAsAnswerDate": null
  },
  {
    "Id": "608648",
    "ThreadId": "245133",
    "Html": "<p>DId you ever figure this out, I have the same issue</p>",
    "PostedDate": "2011-05-06T11:22:36.287-07:00",
    "UserRole": null,
    "MarkedAsAnswerDate": null
  },
  {
    "Id": "608652",
    "ThreadId": "245133",
    "Html": "<p>Unfortunately, no. &nbsp;I've ended up having to re-create many lists and related documents because I can't make changes to them after they're created. &nbsp;I suspect our farm may be broken as there are other odd issues we have, too.&nbsp;</p>",
    "PostedDate": "2011-05-06T11:28:34.717-07:00",
    "UserRole": null,
    "MarkedAsAnswerDate": null
  }
]