[
  {
    "Id": "189328",
    "ThreadId": "56065",
    "Html": "<p>first I would like to say,&nbsp; Thanks for taking the time to write such an awesome tool... been very helpful...</p>\r\n<p>when I first used the application I was able to update data in a list and it would save back to the SharePoint list.&nbsp; Now some reason the&nbsp;all of the menu options under file except &quot;exit&quot; are no longer available.</p>\r\n<p>Thoughts ??</p>",
    "PostedDate": "2009-05-12T08:08:33.163-07:00",
    "UserRole": null,
    "MarkedAsAnswerDate": null
  },
  {
    "Id": "189440",
    "ThreadId": "56065",
    "Html": "<p>I repeat vaperware's sentiments... great tool.</p>\r\n<p>I am finding when I go to save changes to content type fields (I am trying to hide them from display and view forms), I get an &quot;Exception has been thrown by the target of an invocation&quot; error.&nbsp; Any ideas?</p>\r\n<p>I tried renaming a list and that was successful.&nbsp; Seems like it might have something to do with update content type field properties.</p>",
    "PostedDate": "2009-05-12T11:48:24.94-07:00",
    "UserRole": null,
    "MarkedAsAnswerDate": null
  },
  {
    "Id": "240100",
    "ThreadId": "56065",
    "Html": "<p>This is something I currently cannot do anything about.<br>Some objects in SharePoint you cannot change directly because they may be reference of something else. <br>So if you are able to change the properties... good. Otherwise try to do another way.</p>\r\n<p>&nbsp;</p>",
    "PostedDate": "2009-09-29T10:28:34.687-07:00",
    "UserRole": "Owner",
    "MarkedAsAnswerDate": null
  }
]