[
  {
    "Id": "519760",
    "ThreadId": "234109",
    "Html": "\r\n<p>Hi, I am getting an error: Object Reference Not Set to Instance of an Object. Expanded the zip on my Windows 7 Ultimate machine in which SH 2010 is installed. Any thoughts?</p>\r\n",
    "PostedDate": "2010-11-09T20:24:40.203-08:00",
    "UserRole": null,
    "MarkedAsAnswerDate": null
  },
  {
    "Id": "523590",
    "ThreadId": "234109",
    "Html": "\r\n<p>I am getting the same error on a Window 2008 R2 installation. 1 out of my 3 servers installed application fine.&nbsp; I have 3 environments Dev,Test and Prod, Dev installed this app fine but the other two not so good.</p>\r\n<p>All 3 have Team Foundation 2010 integration, Dev has everything installed on the one machine, i,e TFS, SQL 2008 and SP 2010.&nbsp; The other two have TFS server and a SP 2010 Server.</p>\r\n",
    "PostedDate": "2010-11-17T19:47:15.397-08:00",
    "UserRole": null,
    "MarkedAsAnswerDate": null
  },
  {
    "Id": "545442",
    "ThreadId": "234109",
    "Html": "\r\n<p>I am having the same error. We have Windows 2008 R2 and Sharepoint 2010. I have installed sharepoint manager on both the server running the Central Admin and the server running the Web Front-End. Both give me error messages and I'm desperate to get this\r\n fixed as this is the only posted solution I can find that will allow me to delete the Drop Off Library!</p>\r\n",
    "PostedDate": "2011-01-07T08:16:04.127-08:00",
    "UserRole": null,
    "MarkedAsAnswerDate": null
  },
  {
    "Id": "567967",
    "ThreadId": "234109",
    "Html": "<p>I got this error when the account I was using did not have administrative rights in SP. &nbsp;Use a Shift+Right-Click and Run-As to run it as your SP farm admin account. &nbsp;Hope this helps.</p>",
    "PostedDate": "2011-02-17T08:51:32.857-08:00",
    "UserRole": null,
    "MarkedAsAnswerDate": null
  }
]