[
  {
    "Id": "162055",
    "ThreadId": "48538",
    "Html": "<div>I have shared document library which consist of word documents. When I click on the new document or any document template it opens an editor and it prompts for content type at the time of saving. but what I need is  when the new button is clicked i dont want the editor to open but i need the content type prompting and add the file to the document library. I am not sure how to do it, nay help pn this issue is higly appreciated.<br>\r\nThanks, </div>\r\n",
    "PostedDate": "2009-02-25T12:33:12.203-08:00",
    "UserRole": null,
    "MarkedAsAnswerDate": null
  }
]