[
  {
    "Id": "903101",
    "ThreadId": "392827",
    "Html": "\r\n<p>Great job!&nbsp; Any chance it will support Office 365 / SharePoint Online in the future?</p>\r\n",
    "PostedDate": "2012-08-23T08:59:56.45-07:00",
    "UserRole": null,
    "MarkedAsAnswerDate": null
  },
  {
    "Id": "1012054",
    "ThreadId": "392827",
    "Html": "+1, also interested<br />\n",
    "PostedDate": "2013-03-07T14:36:09.567-08:00",
    "UserRole": null,
    "MarkedAsAnswerDate": null
  },
  {
    "Id": "1069675",
    "ThreadId": "392827",
    "Html": "It would be create, therefor I am looking to create an app for that!<br />\n",
    "PostedDate": "2013-07-17T12:07:55.037-07:00",
    "UserRole": null,
    "MarkedAsAnswerDate": null
  }
]