[
  {
    "Id": "662091",
    "ThreadId": "270090",
    "Html": "\r\n<p>This is a great product for understanding the layout of your SharePoint farm, what would be really good would be to export the content, either at farm or any level below, preferrably to XML, this can then be used to document the farm</p>\r\n<p>Plus if the export was command driven it could be used to monitor unauthorised changes to the farm by comparing (custom XML compare required) this export against a baseline which is updated during authorised changes.</p>\r\n<p>Plus the XML could be compared (with appropriate ignores for IDs) between farms to understand and detect changes for say Dev -&gt; Test -&gt; PreProd -&gt; Prod, this is currently a manual task.</p>\r\n<p>I have written a .net GUI Application for MOSS which does a farm export but it is not quite complete and it has no tree view of the farm like this great app.</p>\r\n",
    "PostedDate": "2011-08-23T06:52:47.87-07:00",
    "UserRole": null,
    "MarkedAsAnswerDate": null
  }
]