[
  {
    "Id": "162840",
    "ThreadId": "48762",
    "Html": "What does the exclamation mark next to a feature mean:<br>\r\n<a href=\"http://employees.claritycon.com/pwalke/blogs/exclamation.jpg\">http://employees.claritycon.com/pwalke/blogs/exclamation.jpg</a><br>\r\n<br>\r\nJust downloaded this app.  Great work!  This is probably a noob question, but I don't see anything to indicate what that indicates.  All of my custom features that I deployed have this next to them.  It is also next to a few features in my site. <br>\r\n<br>\r\n...Peter\r\n",
    "PostedDate": "2009-02-27T10:55:50.03-08:00",
    "UserRole": null,
    "MarkedAsAnswerDate": null
  }
]