[
  {
    "Id": "152152",
    "ThreadId": "45597",
    "Html": "I set ReadLocked to &quot;True&quot; for a site collection and now cannot set it back to false. When I try to access the site collection in SharePoint Manager 2007 it says &quot;Access to this web site has been blocked. Please contact the administrator to resolve this problem. &quot;<br>\r\nI am the fam administrator for the sharepoint server as well as a local administrator on the server. Any ideas?<br>\r\n<br>\r\nI was attempting to lock the site so only I could go in and delete a file. IS there another way to do this?\r\n",
    "PostedDate": "2009-01-29T05:39:33.817-08:00",
    "UserRole": null,
    "MarkedAsAnswerDate": null
  },
  {
    "Id": "152160",
    "ThreadId": "45597",
    "Html": "I have figured out how to set the site back to unlocked by using STSADM.exe but I am still looking for a way to make the site unavailable to all users except myself so that I can go in and delete a single file. Any suggestions?\r\n",
    "PostedDate": "2009-01-29T06:07:48.103-08:00",
    "UserRole": null,
    "MarkedAsAnswerDate": null
  },
  {
    "Id": "163692",
    "ThreadId": "45597",
    "Html": "How did you do that? I have the &quot;Access to this web site...&quot; error after a restore. \r\n",
    "PostedDate": "2009-03-02T21:18:45.427-08:00",
    "UserRole": null,
    "MarkedAsAnswerDate": null
  },
  {
    "Id": "163693",
    "ThreadId": "45597",
    "Html": "How did you do that? I have the &quot;Access to this web site...&quot; error after a restore. \r\n",
    "PostedDate": "2009-03-02T21:18:49.153-08:00",
    "UserRole": null,
    "MarkedAsAnswerDate": null
  }
]