[
  {
    "Id": "23460",
    "Title": "This tool is amazing!",
    "LatestDate": "2008-03-05T14:44:35.76-08:00"
  },
  {
    "Id": "26543",
    "Title": "Nice code",
    "LatestDate": "2008-04-24T06:45:15.617-07:00"
  },
  {
    "Id": "29587",
    "Title": "Remote Administration",
    "LatestDate": "2009-01-23T04:17:55.853-08:00"
  },
  {
    "Id": "30107",
    "Title": "Memory issues listing sites",
    "LatestDate": "2008-06-23T02:45:57.49-07:00"
  },
  {
    "Id": "43460",
    "Title": "Rename Field",
    "LatestDate": "2009-01-05T08:36:18.517-08:00"
  },
  {
    "Id": "45597",
    "Title": "Site Collection Read Lock",
    "LatestDate": "2009-03-02T21:18:49.153-08:00"
  },
  {
    "Id": "46454",
    "Title": "Workflow Association changes not saved",
    "LatestDate": "2009-02-06T12:46:59.22-08:00"
  },
  {
    "Id": "46603",
    "Title": "documenting your farm",
    "LatestDate": "2009-12-16T09:01:16.08-08:00"
  },
  {
    "Id": "48538",
    "Title": "Overriding event handler  ",
    "LatestDate": "2009-02-25T12:33:12.203-08:00"
  },
  {
    "Id": "48762",
    "Title": "What does the exclamation mark next to a feature mean?",
    "LatestDate": "2009-02-27T10:55:50.03-08:00"
  },
  {
    "Id": "51728",
    "Title": "Error trying to expand Webs",
    "LatestDate": "2012-12-18T14:27:52.623-08:00"
  },
  {
    "Id": "56065",
    "Title": "unable to save changes",
    "LatestDate": "2009-09-29T10:28:34.687-07:00"
  },
  {
    "Id": "56290",
    "Title": "Windows 2008 + SharePoint Manager",
    "LatestDate": "2013-07-01T00:08:59.137-07:00"
  },
  {
    "Id": "78754",
    "Title": "Cannot Open Database 'database_name_here requested by the login.",
    "LatestDate": "2009-12-22T09:22:45.513-08:00"
  },
  {
    "Id": "199849",
    "Title": "SPM2010 for MOSS 2007?",
    "LatestDate": "2010-06-27T12:35:03.457-07:00"
  },
  {
    "Id": "216512",
    "Title": "Error running SPM1010.exe",
    "LatestDate": "2010-08-23T03:23:44.44-07:00"
  },
  {
    "Id": "221955",
    "Title": "Moving a Sharepoint site",
    "LatestDate": "2010-07-29T23:16:01.967-07:00"
  },
  {
    "Id": "234109",
    "Title": "Object Reference Not Set to Instance of an object",
    "LatestDate": "2011-02-17T08:51:32.857-08:00"
  },
  {
    "Id": "235877",
    "Title": "Cannot delete timer job",
    "LatestDate": "2010-11-24T06:50:44.947-08:00"
  },
  {
    "Id": "236042",
    "Title": "Can I add new functionality to SPM?",
    "LatestDate": "2010-12-03T02:37:10.747-08:00"
  },
  {
    "Id": "243047",
    "Title": "Sharepoint Manager 2010 missing Theme Gallery folder",
    "LatestDate": "2011-01-24T06:21:49.843-08:00"
  },
  {
    "Id": "245133",
    "Title": "Can't save any changes in SPM2007",
    "LatestDate": "2011-05-06T11:28:34.717-07:00"
  },
  {
    "Id": "252363",
    "Title": "MEF35 project in SPM 2010 v2",
    "LatestDate": "2011-05-13T04:58:05.243-07:00"
  },
  {
    "Id": "254113",
    "Title": "Feature Definitions - Object reference not set to an instance of an object",
    "LatestDate": "2011-04-15T13:14:34.073-07:00"
  },
  {
    "Id": "256927",
    "Title": "Solving MissingSetupFile Errors",
    "LatestDate": "2011-05-09T09:39:42.563-07:00"
  },
  {
    "Id": "258598",
    "Title": "Accessing External Lists Items From SPM",
    "LatestDate": "2011-05-23T01:35:42.003-07:00"
  },
  {
    "Id": "259934",
    "Title": "<Nativestack></nativestack>Access denied",
    "LatestDate": "2011-10-18T10:24:18.553-07:00"
  },
  {
    "Id": "262211",
    "Title": "Safe to remove Column in Content Type?",
    "LatestDate": "2011-06-21T12:43:00.89-07:00"
  },
  {
    "Id": "267664",
    "Title": "SM 2010 Crashes while i double click on it",
    "LatestDate": "2011-08-03T15:51:37.053-07:00"
  },
  {
    "Id": "267854",
    "Title": "Render nodes as \"Unknown type\" when a typeload exception occurs",
    "LatestDate": "2011-08-04T23:55:28.93-07:00"
  },
  {
    "Id": "269018",
    "Title": "SOLVED - Seems NOT to work on 64bit machines ??",
    "LatestDate": "2011-08-14T12:08:29.747-07:00"
  },
  {
    "Id": "269019",
    "Title": "SOLVED - Tried the alpha version to debug - still not working!",
    "LatestDate": "2011-08-14T03:30:35.077-07:00"
  },
  {
    "Id": "270090",
    "Title": "Feature Request: Export",
    "LatestDate": "2011-08-23T06:52:47.87-07:00"
  },
  {
    "Id": "270092",
    "Title": "Feature Request: Display Service Configuration",
    "LatestDate": "2011-08-23T06:58:49.667-07:00"
  },
  {
    "Id": "273054",
    "Title": "SP Manager 2010 not working with SP 2010 Server",
    "LatestDate": "2012-08-27T09:43:40.42-07:00"
  },
  {
    "Id": "275192",
    "Title": "SPM and SP forWin Svr 2003 free SP?",
    "LatestDate": "2011-10-08T07:00:31.477-07:00"
  },
  {
    "Id": "275193",
    "Title": "SPM and SP forWin Svr 2003 free SP?",
    "LatestDate": "2011-10-08T07:00:31.807-07:00"
  },
  {
    "Id": "277258",
    "Title": "ListItem Field Value",
    "LatestDate": "2011-10-26T05:52:53.66-07:00"
  },
  {
    "Id": "347692",
    "Title": "How to change permissions",
    "LatestDate": "2012-03-07T09:09:34.807-08:00"
  },
  {
    "Id": "351076",
    "Title": "latest version",
    "LatestDate": "2012-04-03T13:52:05.073-07:00"
  },
  {
    "Id": "351212",
    "Title": "SharePoint 2010 and WSPBuilder ",
    "LatestDate": "2012-04-04T11:31:12.423-07:00"
  },
  {
    "Id": "351319",
    "Title": "Not Working with Document Sets",
    "LatestDate": "2012-04-05T07:08:31.073-07:00"
  },
  {
    "Id": "353565",
    "Title": "Unable to connect to sharepoint site",
    "LatestDate": "2012-05-22T02:29:51.02-07:00"
  },
  {
    "Id": "359994",
    "Title": "Will Microsoft support my farm after this tool has been used?",
    "LatestDate": "2012-06-18T07:15:53.843-07:00"
  },
  {
    "Id": "370919",
    "Title": "Which account do you use to log into server to use this tool?",
    "LatestDate": "2012-07-16T11:26:26.46-07:00"
  },
  {
    "Id": "392827",
    "Title": "Office 365 Support",
    "LatestDate": "2013-07-17T12:07:55.037-07:00"
  },
  {
    "Id": "394693",
    "Title": "Blank GUI",
    "LatestDate": "2012-09-06T15:07:14.147-07:00"
  },
  {
    "Id": "396443",
    "Title": "Not editable fields SPManager '07",
    "LatestDate": "2012-09-21T11:56:12.853-07:00"
  },
  {
    "Id": "397682",
    "Title": "Changing Task Workflow version or task status",
    "LatestDate": "2012-10-02T05:02:27.247-07:00"
  },
  {
    "Id": "433743",
    "Title": "Sharepoint 2013 on Windows Server 2012",
    "LatestDate": "2013-04-12T00:08:20.613-07:00"
  },
  {
    "Id": "436201",
    "Title": "Explanation of Parameters",
    "LatestDate": "2013-03-11T12:32:35.8-07:00"
  },
  {
    "Id": "443748",
    "Title": "How about SharePoint manager 2010 V2",
    "LatestDate": "2013-05-16T05:45:57.487-07:00"
  },
  {
    "Id": "496739",
    "Title": "Delete option not available on Library/List Views",
    "LatestDate": "2014-01-14T06:31:04.93-08:00"
  },
  {
    "Id": "500542",
    "Title": "Project still active?",
    "LatestDate": "2017-07-10T12:17:31.1-07:00"
  },
  {
    "Id": "568980",
    "Title": "Deleted the Farm -- can I get it back?",
    "LatestDate": "2014-10-03T11:03:31.19-07:00"
  },
  {
    "Id": "645334",
    "Title": "Editable Elements in XML Schema",
    "LatestDate": "2015-09-22T09:41:48.633-07:00"
  },
  {
    "Id": "646254",
    "Title": "Would like to see some metrics on the farm",
    "LatestDate": "2015-10-15T07:13:41.06-07:00"
  },
  {
    "Id": "654625",
    "Title": "SharePoint 2016 version?",
    "LatestDate": "2016-05-12T23:35:46.083-07:00"
  },
  {
    "Id": "660203",
    "Title": "possible to deploy web parts through spm?",
    "LatestDate": "2016-12-17T20:01:26.513-08:00"
  },
  {
    "Id": "660393",
    "Title": "Unable to change LookupDropDownUseStandardControl property",
    "LatestDate": "2016-12-29T09:50:30.173-08:00"
  }
]