[
  {
    "Id": "1490421",
    "ThreadId": "660393",
    "Html": "I need to change the &quot;LookupDropDownUseStandardControl&quot; property on the web application from TRUE to FALSE. This property was apparently changed by the SP1 install. I can change any other property value, but not this one. I click on the property, then pull down the dropdown list and choose FALSE, but it always stays TRUE. \r<br />\n<br />\nHas anyone else run into this issue? I have full admin rights to the farm, but I've tried with both my own account and running as administrator. Same thing.<br />\n",
    "PostedDate": "2016-12-29T09:50:30.173-08:00",
    "UserRole": null,
    "MarkedAsAnswerDate": null
  }
]