[
  {
    "Id": "1043893",
    "ThreadId": "443748",
    "Html": "Is this no longer in development? I have a older version I downloaded here, But is no longer in downloads list.<br />\n",
    "PostedDate": "2013-05-15T07:14:07.63-07:00",
    "UserRole": null,
    "MarkedAsAnswerDate": null
  },
  {
    "Id": "1044509",
    "ThreadId": "443748",
    "Html": "<strong>waaromikniet wrote:</strong><br />\n<blockquote>\nIs this no longer in development? I have a older version I downloaded here, But is no longer in downloads list.<br />\n</blockquote>\nHi waaromikniet\r<br />\nThe SPM 2010 v2 is in the download, but there is a link <a href=\"http://spm.codeplex.com/releases/view/51438\" rel=\"nofollow\">http://spm.codeplex.com/releases/view/51438</a>. And no, the deployment on the &quot;v2&quot; is a bit stand still. The latest version of SPM is to SharePoint Online and available in SharePoint Store<br />\n",
    "PostedDate": "2013-05-16T05:45:57.487-07:00",
    "UserRole": "Coordinator",
    "MarkedAsAnswerDate": null
  }
]