[
  {
    "Id": "621967",
    "ThreadId": "259934",
    "Html": "\r\n<p>Hi!</p>\r\n<p>I'm new to Sharepoint 2010 and am liking this tool very much. &nbsp;Thanks! &nbsp;I am trying to use it to allow be to delete sealed fields, I accidentally added target folder to a tasks list. &nbsp;When I drill down to Content Service&gt;Web Applications&gt;My\r\n Site&gt;Site Collection&gt;then the site I want to edit, I can not expand the site. &nbsp;I am a domain admin and made sure I have administrative privileges on the server (Windows 2008 R2). &nbsp;I have User Account Control turned off so that I can run the\r\n app as me instead of as an administrator. &nbsp;I was hoping this would allow me to run the app with the access needed on the server and still give me the permissions I needed on the sites. &nbsp;I'm at a loss and would appreciate a nudge in the right direction.\r\n &nbsp;Thanks in advance. ~Joe</p>\r\n<p>&nbsp;</p>\r\n<p>Error:&nbsp;</p>\r\n<p>&lt;nativehr&gt;0x80070005&lt;/nativehr&gt;&lt;nativestack&gt;&lt;/nativestack&gt;Access denied</p>\r\n",
    "PostedDate": "2011-06-02T06:56:09.747-07:00",
    "UserRole": null,
    "MarkedAsAnswerDate": null
  },
  {
    "Id": "685895",
    "ThreadId": "259934",
    "Html": "<p>You need to be a ssite collection administrator.</p>",
    "PostedDate": "2011-10-18T10:24:18.553-07:00",
    "UserRole": null,
    "MarkedAsAnswerDate": null
  }
]