[
  {
    "Id": "1165117",
    "ThreadId": "496739",
    "Html": "When I right click on the library name the Delete option is available. When I right click on a View name, the Delete option is not available (greyed out). Can someone help guide me to complete this task? I searched for a User Guide but could not find one. Please note that I am starting the program as &quot;Run as Administrator&quot; and the account is a Farm Administrator.<br />\n",
    "PostedDate": "2014-01-14T06:31:04.93-08:00",
    "UserRole": null,
    "MarkedAsAnswerDate": null
  }
]