[
  {
    "Id": "269615",
    "ThreadId": "78754",
    "Html": "<p>I am using SharePoint Manager 2007 on a test SharePoint server. When I try to open the Site Collection that I want to edit, this is the error message that I am getting.</p>\r\n<p><strong>Cannot open database 'database_name_here' requested by the login. The login failed. Login failed for user 'domain\\username'.</strong></p>\r\n<p>I want to edit one of the SharePoint lists. Is that even what I want to do?</p>\r\n<p>&nbsp;</p>\r\n<p>I go to <strong>Content Service</strong> --&gt; <strong>Web Applications</strong>&nbsp;--&gt;&nbsp;<strong>ServerName</strong>&nbsp;--&gt;&nbsp;<strong>Site Collection</strong>&nbsp;--&gt;&nbsp;<strong>Server Address</strong>.</p>\r\n<p>I cannot open any of the Site Collections without getting this error. Can anyone help me with this?</p>",
    "PostedDate": "2009-12-21T09:17:27.713-08:00",
    "UserRole": null,
    "MarkedAsAnswerDate": null
  },
  {
    "Id": "269783",
    "ThreadId": "78754",
    "Html": "<p>SharePoint Manager is required to be used on the server itself where the Sharepoint Binaories have been succefully installed as part of the FARM. You are also required to use an account that has Administration rights on the Server itself and preferable at a FARM level for Sharepoint. Your error will be in authentication.</p>\r\n<p>Kind Regards,</p>\r\n<p>&nbsp;</p>\r\n<p>&nbsp;</p>\r\n<p>Brebinator</p>",
    "PostedDate": "2009-12-21T20:18:05.623-08:00",
    "UserRole": "Developer",
    "MarkedAsAnswerDate": null
  },
  {
    "Id": "269966",
    "ThreadId": "78754",
    "Html": "<p>SharePoint Manager is installed on the server that MOSS is installed on. I also have admin rights to the Farm. Is there anything or anywhere that I can check to make sure that I have the correct access and that this is implemented properly?</p>",
    "PostedDate": "2009-12-22T09:22:45.513-08:00",
    "UserRole": null,
    "MarkedAsAnswerDate": null
  }
]