[
  {
    "Id": "591110",
    "ThreadId": "252363",
    "Html": "\r\n<p>Hello,</p>\r\n<p>I'm unable to build SPM 2010 v2 because Visual Studio 2010 won't recognise the MEF35 project type. The GUID for it is 1BBA5101-D4F0-48B8-A5D6-7B23A099DCE3.</p>\r\n<p>Can someone please advise what type this is?</p>\r\n<p>Thank you,</p>\r\n<p>Alex.</p>\r\n",
    "PostedDate": "2011-04-03T23:17:41.307-07:00",
    "UserRole": null,
    "MarkedAsAnswerDate": null
  },
  {
    "Id": "612325",
    "ThreadId": "252363",
    "Html": "<p>Hi,</p>\r\n<p>I've just downloaded the source code and cannot build it because of this error as well. &nbsp;Sorry if this has been discussed and solved already...but is there a solution for this?</p>\r\n<p>Cheers</p>\r\n<p>Sam</p>",
    "PostedDate": "2011-05-13T04:58:05.243-07:00",
    "UserRole": null,
    "MarkedAsAnswerDate": null
  }
]