[
  {
    "Id": "98654",
    "ThreadId": "29587",
    "Html": "<div id=\"result_box\" dir=ltr>It would be very useful if the application allow the remote administration, asking the user the farm to manage<br>\r\n<br>\r\nSpecially for System Admin people.<br>\r\n<br>\r\nGood job.<br>\r\n<br>\r\n<br>\r\n</div>\r\n",
    "PostedDate": "2008-06-13T00:35:02.317-07:00",
    "UserRole": null,
    "MarkedAsAnswerDate": null
  },
  {
    "Id": "150188",
    "ThreadId": "29587",
    "Html": "Agreed! Being able to attach or connect a remote farm/server/SPSite/SPWeb would increase the usefullness of this app even more.<br>\r\n",
    "PostedDate": "2009-01-23T04:17:55.853-08:00",
    "UserRole": null,
    "MarkedAsAnswerDate": null
  }
]