[
  {
    "Id": "1445410",
    "ThreadId": "645334",
    "Html": "Is it possible to edit the definition within the XML Documents collection within content types of a site collection within SharePoint Manager 2013 version 2.0?<br />\n<br />\nSpecifically I'm trying to edit the list of allowed content types for a document set. Is there another method of editing? I've tried adding to the list directly in the XML schema and editing within the document collection. Neither appear to be read only but after a save all the changes still disappear after a refresh. Any ideas? A different approach?<br />\n",
    "PostedDate": "2015-09-22T09:41:48.633-07:00",
    "UserRole": null,
    "MarkedAsAnswerDate": null
  }
]