[
  {
    "Id": "657953",
    "ThreadId": "269019",
    "Html": "\r\n<p>here I get following</p>\r\n<p>Locating source for 'c:\\DropBox\\Projects\\SPM\\SharePoint Manager 2010 v2\\Src\\Libraries\\MEF\\ComponentModel\\System\\ComponentModel\\Composition\\Hosting\\ExportProvider.GetExportOverrides.cs'. Checksum: MD5 {2a df 31 75 ae bb ae c5 30 d6 6b 90 7c 9b 30 26}<br>\r\nThe file 'c:\\DropBox\\Projects\\SPM\\SharePoint Manager 2010 v2\\Src\\Libraries\\MEF\\ComponentModel\\System\\ComponentModel\\Composition\\Hosting\\ExportProvider.GetExportOverrides.cs' does not exist.<br>\r\nLooking in script documents for 'c:\\DropBox\\Projects\\SPM\\SharePoint Manager 2010 v2\\Src\\Libraries\\MEF\\ComponentModel\\System\\ComponentModel\\Composition\\Hosting\\ExportProvider.GetExportOverrides.cs'...<br>\r\nLooking in the projects for 'c:\\DropBox\\Projects\\SPM\\SharePoint Manager 2010 v2\\Src\\Libraries\\MEF\\ComponentModel\\System\\ComponentModel\\Composition\\Hosting\\ExportProvider.GetExportOverrides.cs'.<br>\r\nThe file was not found in a project.<br>\r\nLooking in directory 'C:\\Program Files (x86)\\Microsoft Visual Studio 10.0\\VC\\crt\\src\\'...<br>\r\nLooking in directory 'C:\\Program Files (x86)\\Microsoft Visual Studio 10.0\\VC\\atlmfc\\src\\mfc\\'...<br>\r\nLooking in directory 'C:\\Program Files (x86)\\Microsoft Visual Studio 10.0\\VC\\atlmfc\\src\\atl\\'...<br>\r\nLooking in directory 'C:\\Program Files (x86)\\Microsoft Visual Studio 10.0\\VC\\atlmfc\\include\\'...<br>\r\nThe debug source files settings for the active solution indicate that the debugger will not ask the user to find the file: c:\\DropBox\\Projects\\SPM\\SharePoint Manager 2010 v2\\Src\\Libraries\\MEF\\ComponentModel\\System\\ComponentModel\\Composition\\Hosting\\ExportProvider.GetExportOverrides.cs.<br>\r\nThe debugger could not locate the source file 'c:\\DropBox\\Projects\\SPM\\SharePoint Manager 2010 v2\\Src\\Libraries\\MEF\\ComponentModel\\System\\ComponentModel\\Composition\\Hosting\\ExportProvider.GetExportOverrides.cs'.</p>\r\n",
    "PostedDate": "2011-08-14T03:30:35.077-07:00",
    "UserRole": null,
    "MarkedAsAnswerDate": null
  }
]