[
  {
    "Id": "1013454",
    "ThreadId": "436201",
    "Html": "Are there documentations about that explains the strings and parameters for everything in SharePoint Manager?\r<br />\n<br />\nI'm trying to figure out why a PowerShell Import-SPWeb script returns an error on two specific sub sites but not all of the others. I noticed in these two sub sites using SharePoint Manager that the Configuration (between ClientTag and ContentTypes) and parameter is 0 while the others are 1. That field is not editable in SharePoint Manager. This would at least set me on the right path trying to figure out what was done differently creating these two sub sites compared to all of the others.<br />\n",
    "PostedDate": "2013-03-11T12:32:35.8-07:00",
    "UserRole": null,
    "MarkedAsAnswerDate": null
  }
]