[
  {
    "Id": "173536",
    "ThreadId": "51728",
    "Html": "I am trying to expand Webs under my site collection and I always get this error:<br>\r\n<br>\r\nAccess is Denied.  (Exception from HRESULT: 0x80070005 (E_ACCESSDENIED))<br>\r\n<br>\r\nI have logged into the site collection as a user with full rights to the enitre site collection so I am not sure why I am getting this error.  Any help would be greatly appreciated.\r\n",
    "PostedDate": "2009-03-30T09:50:50.363-07:00",
    "UserRole": null,
    "MarkedAsAnswerDate": null
  },
  {
    "Id": "238596",
    "ThreadId": "51728",
    "Html": "<p>rolltidega, did you find a solution to this problem? We are also experiencing this when attempting to expand the site collection object of a site we freshly created.</p>",
    "PostedDate": "2009-09-24T19:30:56.117-07:00",
    "UserRole": null,
    "MarkedAsAnswerDate": null
  },
  {
    "Id": "238609",
    "ThreadId": "51728",
    "Html": "<p>Okay, we just resolved this. We had our domain accounts as users on the SharePoint root web, but not the server local account that was attempting to access SharePoint locally on the server machine. Once we fixed the access and could open up a browser on the server machine itself to browse the web, this problem was resolved.</p>",
    "PostedDate": "2009-09-24T20:27:07.333-07:00",
    "UserRole": null,
    "MarkedAsAnswerDate": null
  },
  {
    "Id": "957998",
    "ThreadId": "51728",
    "Html": "\r\n<p>Also having this issue but don't quite understand the solution posted by zmullet (3 years ago). I'm just not that into the complexities of server accounts. I'm sure they're obvious when you know how.</p>\r\n<p>I interpreted the solution as needing to add&nbsp;NT AUTHORITY\\LOCAL SERVICE as a user in SharePoint (Site Settings -&gt; People and Groups -&gt; ). That's how I interpreted it but I guess that's not what is meant because it didn't work!</p>\r\n<p>I really need to get this application working to undo some otherwise irreversible column adds to content types.</p>\r\n<p>TIA</p>\r\n<p>James</p>\r\n",
    "PostedDate": "2012-12-18T14:27:52.623-08:00",
    "UserRole": null,
    "MarkedAsAnswerDate": null
  }
]