[
  {
    "Id": "819994",
    "ThreadId": "351212",
    "Html": "\r\n<p>Hi</p>\r\n<p>I am new to SharePoint 2010 and WSPBuilder. I have created solution using WSPBuilder and added WebPart as feature. Build and deployed the solution. I am not sure how to add that WebPart on my Sharepoint page. This web part is very basic one . Pls help.</p>\r\n<p>Thanks</p>\r\n<p>Madhura</p>\r\n",
    "PostedDate": "2012-04-04T11:31:12.423-07:00",
    "UserRole": null,
    "MarkedAsAnswerDate": null
  }
]