[
  {
    "Id": "616612",
    "ThreadId": "258598",
    "Html": "<p>Hello,<br /> Although I can see the external list, it reports 0 items and I get the error \"<em>The shim execution failed</em> unexpectedly - Proxy creation failed. Default context not found\". I do see properties and field names, but no items. Is this normal or SPM can see  beyond what a sharepoint service can see (ex. ListData.svc does not see the external list, Lists.asmx sees it but reports 0 results). I am using ver: 0.9.10.0829<br /> AK</p>",
    "PostedDate": "2011-05-23T01:35:42.003-07:00",
    "UserRole": null,
    "MarkedAsAnswerDate": null
  }
]