[
  {
    "Id": "869979",
    "ThreadId": "370919",
    "Html": "\r\n<p>What account should I be logged in as to use this tool?&nbsp;What permissions are expected?</p>\r\n<p>It wouldn't work logged in as my installation account or farm account, but did work with my account that has database permissions. That account is not supposed to have remote desktop&nbsp;privileges, so I'm not sure what to do here.</p>\r\n<p>I would love to hear what account you guys use in practice, as well as what should be done in theory, if they are not the same.</p>\r\n<p>I also wonder if you use this on test servers only, or in production also?</p>\r\n",
    "PostedDate": "2012-07-16T11:26:26.46-07:00",
    "UserRole": null,
    "MarkedAsAnswerDate": null
  }
]