[
  {
    "Id": "88755",
    "ThreadId": "26543",
    "Html": "\r\nI like it!!!<br /><br />I'm thinking about making an enterprise version of this, that will be a \"workbench\" for performing tasks, like setting up a development environment, creating local user account, and other tasks (UserProfile creation, AD import, etc etc ) related to SharePoint development, QA, Staging and Production environment management.<br /><br />",
    "PostedDate": "2008-04-24T06:45:15.617-07:00",
    "UserRole": null,
    "MarkedAsAnswerDate": null
  }
]