[
  {
    "Id": "1169221",
    "ThreadId": "500542",
    "Html": "The last code check in was over 1 year ago and it was labelled &quot;temp&quot;. Nothing regular since Nov 2012. Is the project still active? Are the coordinators and developers planning any new releases and features?<br />\n",
    "PostedDate": "2014-01-15T07:44:44.247-08:00",
    "UserRole": null,
    "MarkedAsAnswerDate": null
  },
  {
    "Id": "1170387",
    "ThreadId": "500542",
    "Html": "Hi johnmcalvert\r<br />\nYes the project is active, but we dont have any releases planed. We hade focus on the online version <a href=\"http://office.microsoft.com/en-us/store/sharepoint-manager-2013-online-WA104025157.aspx\" rel=\"nofollow\">http://office.microsoft.com/en-us/store/sharepoint-manager-2013-online-WA104025157.aspx</a> <br />\n",
    "PostedDate": "2014-01-16T02:07:27.637-08:00",
    "UserRole": "Coordinator",
    "MarkedAsAnswerDate": null
  },
  {
    "Id": "1437252",
    "ThreadId": "500542",
    "Html": "<strong>AndersDissing wrote:</strong><br />\n<blockquote>\nHi johnmcalvert<br />\nYes the project is active, but we dont have any releases planed. We hade focus on the online version <a href=\"http://office.microsoft.com/en-us/store/sharepoint-manager-2013-online-WA104025157.aspx\" rel=\"nofollow\">http://office.microsoft.com/en-us/store/sharepoint-manager-2013-online-WA104025157.aspx</a><br />\n</blockquote>\nThat page is now dead.<br />\n",
    "PostedDate": "2015-08-04T13:37:46.43-07:00",
    "UserRole": null,
    "MarkedAsAnswerDate": null
  },
  {
    "Id": "1497363",
    "ThreadId": "500542",
    "Html": "<a href=\"https://store.office.com/en-us/app.aspx?assetid=WA104025157\" rel=\"nofollow\">https://store.office.com/en-us/app.aspx?assetid=WA104025157</a>\r<br />\n<br />\nDescription: SharePoint client side exploring tool\r<br />\nThis add-in works in: SharePoint 2013 or later, SharePoint Online.<br />\n",
    "PostedDate": "2017-07-10T12:17:31.1-07:00",
    "UserRole": null,
    "MarkedAsAnswerDate": null
  }
]