[
  {
    "Id": "526989",
    "ThreadId": "236042",
    "Html": "\r\n<p>Hello Guys,<br>\r\nI am developing solutions for SP and use SPM2010 and SPM2007 very often. Can I add some new functionality for your product? For example I like to be add view for SPWorkFlowTemplateCollection to both versions.<br>\r\nI looked SPM2 &nbsp;and &nbsp;IMHO it is not ready for production now.</p>\r\n<p>Thank you.</p>\r\n",
    "PostedDate": "2010-11-25T07:42:50.833-08:00",
    "UserRole": null,
    "MarkedAsAnswerDate": null
  },
  {
    "Id": "530564",
    "ThreadId": "236042",
    "Html": "\r\n<p>The current version of SharePoint Manager 2010 do not support &quot;addins/plugins&quot;. However the new SharePoint Manager 2010 v2 will provide support for &quot;addins/plugins&quot;, but&nbsp;the&nbsp;app is still&nbsp;in development. Currently the v2 (Nov release) uses\r\n a proprietary plugin loader, this will be replaced by the MEF library that basically is the same.\r\n<br>\r\nThe idea&nbsp;of SPM v2 is provide the basic application, that everyone else can extend with whatever they like in the application by use of the MEF library.</p>\r\n",
    "PostedDate": "2010-12-03T02:37:10.747-08:00",
    "UserRole": "Owner",
    "MarkedAsAnswerDate": null
  }
]