[
  {
    "Id": "526434",
    "ThreadId": "235877",
    "Html": "\r\n<p>I created a timer job that is causing me some headaches. So, I want to delete it using Sharepoint Manager 2007. When I select delete it gives me the following error.</p>\r\n<blockquote>\r\n<p>&quot;Exception has been thrown by the target of an invocation.&quot;</p>\r\n</blockquote>\r\n<p>Any thoughts of why this happens?</p>\r\n",
    "PostedDate": "2010-11-24T06:50:44.947-08:00",
    "UserRole": null,
    "MarkedAsAnswerDate": null
  }
]