[
  {
    "Id": "474591",
    "ThreadId": "221955",
    "Html": "<p>Hi, I'm a relative newby to Sharepoint and this software seems like a great way to move my sites. After having installed Sharepoint Manager 2007 I tried to change a site via the ServerRelativeUrl field for a given site and got the following system message 'Exception has been thrown by the target of an invocation'.</p>\r\n<p>Any ideas of where I should start looking.</p>",
    "PostedDate": "2010-07-29T23:04:27.453-07:00",
    "UserRole": null,
    "MarkedAsAnswerDate": null
  },
  {
    "Id": "474595",
    "ThreadId": "221955",
    "Html": "<p>It's OK, I figured it out. I won't say how exactly but it had to do with relativity.</p>",
    "PostedDate": "2010-07-29T23:16:01.967-07:00",
    "UserRole": null,
    "MarkedAsAnswerDate": null
  }
]