[
  {
    "Id": "240097",
    "ThreadId": "56290",
    "Html": "<p>SharePoint Manager 2007 will be updated to SharePoint Manager 2010 and will support SharePoint 2010.<br>The first release of SPM2010 will be release after the first public version of SP2010.</p>",
    "PostedDate": "2009-09-29T10:25:00.373-07:00",
    "UserRole": "Owner",
    "MarkedAsAnswerDate": null
  },
  {
    "Id": "420329",
    "ThreadId": "56290",
    "Html": "<p>Sharepoint Manger 2007 is crashing on me in both Windows 2008 and Windows 2008 R2. Any ideas? In Windows 2008 I get an object reference error as soon as I run it. I have moss 2007 installed on both.</p>",
    "PostedDate": "2010-03-19T10:35:05.27-07:00",
    "UserRole": null,
    "MarkedAsAnswerDate": null
  },
  {
    "Id": "464776",
    "ThreadId": "56290",
    "Html": "<div id=\"ctl00_ctl00_MasterContent_Content_PostRepeater_ctl04_BodyDiv\">\r\n<p>Hi Guys, I've been using SharePoint  Manager 2007 for ages and its always been a great tool, however Im  having the same problem when running on Windows 2008 R2.</p>\r\n<p>When I try to open the application crashs with the following message:</p>\r\n<p>SharePoint 2010 has stopped working - Windows can check only for a  solution to the problem</p>\r\n<p>Details:</p>\r\n<p>Problem signature:<br>&nbsp; Problem Event Name:&nbsp;&nbsp; &nbsp;APPCRASH<br>&nbsp;  Application Name:&nbsp;&nbsp; &nbsp;SharePoint Manager 2010.exe<br>&nbsp; Application  Version:&nbsp;&nbsp; &nbsp;1.0.0.0<br>&nbsp; Application Timestamp:&nbsp;&nbsp; &nbsp;4b00297c<br>&nbsp; Fault  Module Name:&nbsp;&nbsp; &nbsp;KERNELBASE.dll<br>&nbsp; Fault Module Version:&nbsp;&nbsp;  &nbsp;6.1.7600.16385<br>&nbsp; Fault Module Timestamp:&nbsp;&nbsp; &nbsp;4a5bdfe0<br>&nbsp; Exception  Code:&nbsp;&nbsp; &nbsp;c000041d<br>&nbsp; Exception Offset:&nbsp;&nbsp; &nbsp;000000000000aa7d<br>&nbsp; OS  Version:&nbsp;&nbsp; &nbsp;6.1.7600.2.0.0.272.7<br>&nbsp; Locale ID:&nbsp;&nbsp; &nbsp;3081<br>&nbsp; Additional  Information 1:&nbsp;&nbsp; &nbsp;fd7f<br>&nbsp; Additional Information 2:&nbsp;&nbsp;  &nbsp;fd7f14ed3cd9963714e8e7c330c23633<br>&nbsp; Additional Information 3:&nbsp;&nbsp; &nbsp;5772<br>&nbsp;  Additional Information 4:&nbsp;&nbsp; &nbsp;57725856c57357c51c8e6bac074e9c4e<br><br>Read  our privacy statement online:<br>&nbsp;  http://go.microsoft.com/fwlink/?linkid=104288&amp;clcid=0x0409<br><br>If  the online privacy statement is not available, please read our privacy  statement offline:<br>&nbsp; C:\\Windows\\system32\\en-US\\erofflps.txt</p>\r\n<p>I appreciate any help!</p>\r\n<p>Jose.</p>\r\n</div>",
    "PostedDate": "2010-07-08T04:15:02.757-07:00",
    "UserRole": null,
    "MarkedAsAnswerDate": null
  },
  {
    "Id": "466201",
    "ThreadId": "56290",
    "Html": "<blockquote style=\"border:solid .1em #ccc;font-style:italic;margin:.25em 1em 0 1em;padding:0 .25em 0 .25em\"><strong>JoseSoares wrote:</strong><br>\r\n<div id=\"ctl00_ctl00_MasterContent_Content_PostRepeater_ctl04_BodyDiv\">\r\n<p>Hi Guys, I've been using SharePoint Manager 2007 for ages and its always been a great tool, however Im having the same problem when running on Windows 2008 R2.</p>\r\n<p>When I try to open the application crashs with the following message:</p>\r\n<p>SharePoint 2010 has stopped working - Windows can check only for a solution to the problem</p>\r\n<p>Details:</p>\r\n<p>Problem signature:<br>&nbsp; Problem Event Name:&nbsp;&nbsp; &nbsp;APPCRASH<br>&nbsp; Application Name:&nbsp;&nbsp; &nbsp;SharePoint Manager 2010.exe<br>&nbsp; Application Version:&nbsp;&nbsp; &nbsp;1.0.0.0<br>&nbsp; Application Timestamp:&nbsp;&nbsp; &nbsp;4b00297c<br>&nbsp; Fault Module Name:&nbsp;&nbsp; &nbsp;KERNELBASE.dll<br>&nbsp; Fault Module Version:&nbsp;&nbsp; &nbsp;6.1.7600.16385<br>&nbsp; Fault Module Timestamp:&nbsp;&nbsp; &nbsp;4a5bdfe0<br>&nbsp; Exception Code:&nbsp;&nbsp; &nbsp;c000041d<br>&nbsp; Exception Offset:&nbsp;&nbsp; &nbsp;000000000000aa7d<br>&nbsp; OS Version:&nbsp;&nbsp; &nbsp;6.1.7600.2.0.0.272.7<br>&nbsp; Locale ID:&nbsp;&nbsp; &nbsp;3081<br>&nbsp; Additional Information 1:&nbsp;&nbsp; &nbsp;fd7f<br>&nbsp; Additional Information 2:&nbsp;&nbsp; &nbsp;fd7f14ed3cd9963714e8e7c330c23633<br>&nbsp; Additional Information 3:&nbsp;&nbsp; &nbsp;5772<br>&nbsp; Additional Information 4:&nbsp;&nbsp; &nbsp;57725856c57357c51c8e6bac074e9c4e<br><br>Read our privacy statement online:<br>&nbsp; http://go.microsoft.com/fwlink/?linkid=104288&amp;clcid=0x0409<br><br>If the online privacy statement is not available, please read our privacy statement offline:<br>&nbsp; C:\\Windows\\system32\\en-US\\erofflps.txt</p>\r\n<p>I appreciate any help!</p>\r\n<p>Jose.</p>\r\n</div>\r\n</blockquote>\r\n<p>&nbsp;Hi all,</p>\r\n<p>I have exactly the same error but with SPM2007 on a win2008R2 server.<br>Any ideas?</p>",
    "PostedDate": "2010-07-12T02:50:32.38-07:00",
    "UserRole": null,
    "MarkedAsAnswerDate": null
  },
  {
    "Id": "466893",
    "ThreadId": "56290",
    "Html": "Hey JoseSoares and Ben_Graf\r\nNo sorry, I have not encounted this error before, I need more info about the machine you are runne SPM on",
    "PostedDate": "2010-07-13T09:59:46.107-07:00",
    "UserRole": "Coordinator",
    "MarkedAsAnswerDate": null
  },
  {
    "Id": "475587",
    "ThreadId": "56290",
    "Html": "<p>I'm receiving a similar error running Server 2008 R2 with Sharepoint 2010. I'll supply any additional information you may need to help. Thanks, James</p>\r\n<p>Problem signature:&nbsp;&nbsp;<br>Problem Event Name:<span> </span>APPCRASH&nbsp;&nbsp;<br>Application Name:<span> </span>SharePoint Manager 2010.exe&nbsp;&nbsp;<br>Application Version:<span> </span>1.0.0.0&nbsp;&nbsp;<br>Application Timestamp:<span> </span>4b00297c&nbsp;&nbsp;<br>Fault Module Name:<span> </span>KERNELBASE.dll&nbsp;&nbsp;<br>Fault Module Version:<span> </span>6.1.7600.16385&nbsp;&nbsp;<br>Fault Module Timestamp:<span> </span>4a5bdfe0&nbsp;&nbsp;<br>Exception Code:<span> </span>c000041d&nbsp;&nbsp;<br>Exception Offset:<span> </span>000000000000aa7d&nbsp;&nbsp;<br>OS Version:<span> </span>6.1.7600.2.0.0.274.10&nbsp;&nbsp;<br>Locale ID:<span> </span>1033&nbsp;&nbsp;<br>Additional Information 1:<span> </span>fd7f&nbsp;&nbsp;<br>Additional Information 2:<span> </span>fd7f14ed3cd9963714e8e7c330c23633&nbsp;&nbsp;<br>Additional Information 3:<span> </span>5772&nbsp;&nbsp;<br>Additional Information 4:<span> </span>57725856c57357c51c8e6bac074e9c4e<br>Read our privacy statement online:&nbsp;&nbsp;http://go.microsoft.com/fwlink/?linkid=104288&amp;clcid=0x0409<br>If the online privacy statement is not available, please read our privacy statement offline:&nbsp;&nbsp;C:\\Windows\\system32\\en-US\\erofflps.txt</p>",
    "PostedDate": "2010-08-02T12:43:17.647-07:00",
    "UserRole": null,
    "MarkedAsAnswerDate": null
  },
  {
    "Id": "475767",
    "ThreadId": "56290",
    "Html": "<p>Hi,</p>\r\n<p>i also had the same Problem, System is a German Server 2008 R2. I solved the Issue running &quot;SharePoint Manager 2010.exe&quot; as an Administrator.</p>",
    "PostedDate": "2010-08-02T23:18:36.363-07:00",
    "UserRole": null,
    "MarkedAsAnswerDate": null
  },
  {
    "Id": "488066",
    "ThreadId": "56290",
    "Html": "<blockquote style=\"border:solid .1em #ccc;font-style:italic;margin:.25em 1em 0 1em;padding:0 .25em 0 .25em\"><strong>crazywolff wrote:</strong><br>\r\n<p>Hi,</p>\r\n<p>i also had the same Problem, System is a German Server 2008 R2. I solved the Issue running &quot;SharePoint Manager 2010.exe&quot; as an Administrator.</p>\r\n</blockquote>\r\n<p>&nbsp;This works for me also.&nbsp; Thanks very much :-)</p>",
    "PostedDate": "2010-09-02T01:36:32.637-07:00",
    "UserRole": null,
    "MarkedAsAnswerDate": null
  },
  {
    "Id": "568621",
    "ThreadId": "56290",
    "Html": "<p>I have the same problem when I run SharePoint Manager 2010.exe:</p>\r\n<p><strong><span style=\"color: #000080; font-size: xx-small;\"><strong><span style=\"color: #000080; font-size: xx-small;\">\r\n<p>Problem signature:</p>\r\n</span></strong></span></strong><span style=\"font-size: xx-small;\">\r\n<p>Problem Event Name: APPCRASH</p>\r\n<p>Application Name: SharePoint Manager 2010.exe</p>\r\n<p>Application Version: 1.0.0.0</p>\r\n<p>Application Timestamp: 4c7a9e76</p>\r\n<p>Fault Module Name: KERNELBASE.dll</p>\r\n<p>Fault Module Version: 6.1.7600.16385</p>\r\n<p>Fault Module Timestamp: 4a5bdfe0</p>\r\n<p>Exception Code: c000041d</p>\r\n<p>Exception Offset: 000000000000aa7d</p>\r\n<p>OS Version: 6.1.7600.2.0.0.274.10</p>\r\n<p>Locale ID: 1033</p>\r\n<p>Additional Information 1: fd7f</p>\r\n<p>Additional Information 2: fd7f14ed3cd9963714e8e7c330c23633</p>\r\n<p>Additional Information 3: f641</p>\r\n<p>Additional Information 4: f641159aa028689eaad9df82262e9c18</p>\r\n</span></p>\r\n<p>&nbsp;</p>\r\n<p>If I try to run as administrator, I get a popup that says only&nbsp;\"Object reference not set to an instance of an object.\"&nbsp; So that doesn't work either.</p>\r\n<p>I'm running SharePoint 2010 on Windows Server 2008 R2.&nbsp; Any ideas?&nbsp; Thanks in advance.</p>",
    "PostedDate": "2011-02-18T08:44:42.44-08:00",
    "UserRole": null,
    "MarkedAsAnswerDate": null
  },
  {
    "Id": "813343",
    "ThreadId": "56290",
    "Html": "<p>I am seeing the Object reference fault.</p>\r\n<p>DB Server is SQL Server 2008 SP2 Cluster and&nbsp;WFE is Windows 2008R2 Enterprise + MOSS 2007 SP2</p>\r\n<p>Each time I run the SharePoint Manager 2007 as Farm Administrator Account I recieve the error: \"object reference not set to an instance of an object\" &nbsp;and in the event log a message about SQL Exception 5586 is set and it is the same in the ULS:</p>\r\n<p>\r\n<hr />\r\n</p>\r\n<p>Unknown SQL Exception -1 occured. Additional error information from SQL Server is included below.<br />A network-related or instance-specific error occurred while establishing a connection to SQL Server. The server was not found or was not accessible. Verify that the instance name is correct and that SQL Server is configured to allow remote connections. (provider: SQL Network Interfaces, error: 26 - Error Locating Server/Instance Specified)\r\n<hr />\r\n</p>\r\n<p>Kind of weird because everything is working with sharepoint. So I am not sure what the connection failure is all about. Oh and I could run this on the WFE &nbsp;in the same farm that was on Windows 2003.... Unfortunately I just decommissioned the 2003 server having moved the farm to the new 2008 R2 WFE hardware. &nbsp;</p>\r\n<p>Happy to provide further information if needed.</p>",
    "PostedDate": "2012-03-20T21:14:42.81-07:00",
    "UserRole": null,
    "MarkedAsAnswerDate": null
  },
  {
    "Id": "813357",
    "ThreadId": "56290",
    "Html": "<p>Worked it out. It seems that the SQL Cluster had gone into a weird failure mode where new SQL connections could not be created but existing SQL connections kept operating fine. &nbsp; Spooky stuff. &nbsp;Here are some links that seemed to describe the fault:</p>\r\n<p><a href=\"http://support.microsoft.com/kb/2543687\">http://support.microsoft.com/kb/2543687</a></p>\r\n<p><a href=\"http://connect.microsoft.com/SQL/feedback/ViewFeedback.aspx?FeedbackID=468478\">http://connect.microsoft.com/SQL/feedback/ViewFeedback.aspx?FeedbackID=468478</a></p>\r\n<p><a href=\"http://connect.microsoft.com/SQLServer/feedback/details/540092/sql-server-2008-sp1-cu6-periodically-does-not-accept-connections\">http://connect.microsoft.com/SQLServer/feedback/details/540092/sql-server-2008-sp1-cu6-periodically-does-not-accept-connections</a></p>",
    "PostedDate": "2012-03-20T23:16:32.253-07:00",
    "UserRole": null,
    "MarkedAsAnswerDate": null
  },
  {
    "Id": "1063061",
    "ThreadId": "56290",
    "Html": "Hi friends,<br />\nMake sure that<br />\n<pre><code>  1. you ran as administrator\n  2. Central administration is running properly (only to make sure that every thing is fine).\n  3. Make sure that you ran as an account with enough permissions on server.\n</code></pre>\n\notherwise, open event viewer for more details<br />\n<br />\nAnd it will work on windows 8 for me.<br />\n",
    "PostedDate": "2013-07-01T00:08:59.137-07:00",
    "UserRole": null,
    "MarkedAsAnswerDate": null
  }
]