[
  {
    "Id": "630704",
    "ThreadId": "262211",
    "Html": "\r\n<p>&nbsp;</p>\r\n<p>I have a &quot;Master&quot; Content Type and I am creating several &quot;children&quot; content Types that will inherit from that Master Type. There are over 100 columns in the Master. When I create the &quot;child&quot; type it attaches all those columns to it, but I only want a subset\r\n of the columns (like about 20 per child). Is it &quot;safe&quot; to use SharePoint Manager (SP 2010 Enterprise Server) to manage this? It is much quicker to delete the columns using this tool, versus using the &quot;web site&quot; (or even SPDesigner). Eventually, once I get\r\n it like I want it... I am going to export it out and bring it in a VS project so I can make it a &quot;deployable&quot; solution. (I may even change it from a &quot;Schema Xml&quot; based content type to being created with &quot;code&quot;.) But, for now I just want to get the Contenty\r\n Type(s) built and a list created to test some functionality and do a &quot;prototype&quot; of the App for the user to sign off on...</p>\r\n<p>Any info is greatly appreciated!</p>\r\n<p>Shayne</p>\r\n",
    "PostedDate": "2011-06-21T10:40:19.737-07:00",
    "UserRole": null,
    "MarkedAsAnswerDate": null
  },
  {
    "Id": "630736",
    "ThreadId": "262211",
    "Html": "<p>Hmm...nevermind! This is VERY fast and easy in SP Designer.</p>",
    "PostedDate": "2011-06-21T12:43:00.89-07:00",
    "UserRole": null,
    "MarkedAsAnswerDate": null
  }
]