[
  {
    "Id": "652861",
    "ThreadId": "267854",
    "Html": "\r\n<p>SPM logs the cases where a typeload exception happens during rendering of the node-tree. F.ex. when a node is based on a custom type inheriting from SPJobDefinition, and the custom type is missing from the GAC. In order for the node to appear, the correct\r\n assembly must be in the gac, and SPM has to be restarted.</p>\r\n<p>When catching that typeload exception (where the current logging happens), would it be possible to add a node with &quot;Unknown type&quot; or similar to the tree? This will give a useful hint about what is going on.</p>\r\n<p>&nbsp;</p>\r\n<p>thanks for a great tool!</p>\r\n<p>mads</p>\r\n<p>http://twitter.com/madsnissen</p>\r\n<p>http://www.puzzlepart.com</p>\r\n",
    "PostedDate": "2011-08-04T23:55:28.93-07:00",
    "UserRole": "Developer",
    "MarkedAsAnswerDate": null
  }
]