[
  {
    "Id": "1473336",
    "ThreadId": "654625",
    "Html": "Is there going to be a version of this for SharePoint 2016?<br />\n",
    "PostedDate": "2016-05-12T23:30:08.75-07:00",
    "UserRole": null,
    "MarkedAsAnswerDate": null
  },
  {
    "Id": "1473339",
    "ThreadId": "654625",
    "Html": "Actually I have just tried running the 2013 version on my SP 2016 server and it seems to be running fine... so far...<br />\n",
    "PostedDate": "2016-05-12T23:35:46.083-07:00",
    "UserRole": null,
    "MarkedAsAnswerDate": null
  }
]