[
  {
    "Id": "1003740",
    "ThreadId": "433743",
    "Html": "Domin Admin, Server Farm Admin, DB owner. Unzipped and rand executable as Administrator and it fails with cannot continue as it is preforming preflight.\r<br />\n<br />\nDoes anyone use this on Server 2012 yet?<br />\n",
    "PostedDate": "2013-02-19T17:10:26.78-08:00",
    "UserRole": null,
    "MarkedAsAnswerDate": null
  },
  {
    "Id": "1004608",
    "ThreadId": "433743",
    "Html": "I have the exact same issue on my computer, which is running windows 8. I am local admin on the computer and I have tried the &quot;Run as Administrator&quot; option.<br />\n<br />\nEdit:<br />\nI have SharePoint installed on my machine!<br />\n<br />\n/Martin<br />\n",
    "PostedDate": "2013-02-21T05:11:55.57-08:00",
    "UserRole": null,
    "MarkedAsAnswerDate": null
  },
  {
    "Id": "1016791",
    "ThreadId": "433743",
    "Html": "Same problem running under Windows Server 2012 on a single-box installation.\r<br />\n<br />\nThe application bombs out with:\r<br />\n<br />\n<strong>SharePoint Manager Preflight check Error</strong>\r<br />\nThe application is unable to continue and will now be terminated.\r<br />\n<br />\nAny help appreciated.<br />\n",
    "PostedDate": "2013-03-17T18:11:52.983-07:00",
    "UserRole": null,
    "MarkedAsAnswerDate": null
  },
  {
    "Id": "1028309",
    "ThreadId": "433743",
    "Html": "same here \r<br />\n<br />\nwindows server 2012\r<br />\n<br />\nSharePoint Manager Preflight check Error \r<br />\nThe application is unable to continue and will now be terminated. <br />\n",
    "PostedDate": "2013-04-10T02:40:46.457-07:00",
    "UserRole": null,
    "MarkedAsAnswerDate": null
  },
  {
    "Id": "1028532",
    "ThreadId": "433743",
    "Html": "<strong>DanRGleason wrote:</strong><br />\n<blockquote>\nDomin Admin, Server Farm Admin, DB owner. Unzipped and rand executable as Administrator and it fails with cannot continue as it is preforming preflight.<br />\n<br />\nDoes anyone use this on Server 2012 yet?<br />\n</blockquote>\n<strong><strong><em>UPDATE</em></strong></strong>\r<br />\nWhen this was failing me, I did not have my entire SP site configured. There were still some outstanding steps having to do with AppFabric and Workflow manager. Now that I have my whole SP standalone running on my Server 2012 developer workstation, I just tried SharePoint Manager again, and it opened up successfully.\r<br />\nI would suggest those below that are having the same PreFlight error as I was, to check their SP config and make sure it is 100% up and running and not needing config somewhere. For me, that was the key.<br />\n",
    "PostedDate": "2013-04-10T09:28:42.44-07:00",
    "UserRole": null,
    "MarkedAsAnswerDate": null
  },
  {
    "Id": "1029372",
    "ThreadId": "433743",
    "Html": "Why should AppFabric and Workflow Manager be requisites for loading SPM?\r<br />\n<br />\nI require neither. Will be interested to see how the &quot;paid for&quot; Office 365 version handles these added extras.<br />\n",
    "PostedDate": "2013-04-12T00:08:20.613-07:00",
    "UserRole": null,
    "MarkedAsAnswerDate": null
  }
]