[
  {
    "Id": "598191",
    "ThreadId": "254113",
    "Html": "\r\n<p>I am running SharePoint Manager 2007. When I browse under &quot;Feature Definitions&quot; I have a umber of GUID named definitions with &quot;(Error)&quot; listed next to them and when I try to select one I get &quot;Object reference not set to an instance of an object&quot;. I assume\r\n a damaged feature or reference to one that isn't installed. I would like to remove these from SharePoint, but I am uncertain how. Other features have a right click option to delete them. These error objects do not.</p>\r\n<p>&nbsp;</p>\r\n<p>Any suggestions?</p>\r\n<p>Thanks,</p>\r\n<p>Steve</p>\r\n",
    "PostedDate": "2011-04-15T13:14:34.073-07:00",
    "UserRole": null,
    "MarkedAsAnswerDate": null
  }
]