[
  {
    "Id": "457246",
    "ThreadId": "216512",
    "Html": "<p>After unzipping - then trying to run Sharepoint Manager 2010.exe, an error message popped up telling me that it was not a valid win32 application.</p>\r\n<p>Just thought you'd like to know</p>\r\n<p>&nbsp;</p>\r\n<p>(for the record - the zip file was 90k)</p>",
    "PostedDate": "2010-06-18T06:13:06.8-07:00",
    "UserRole": null,
    "MarkedAsAnswerDate": null
  },
  {
    "Id": "460399",
    "ThreadId": "216512",
    "Html": "<p>Thanks augutwind</p>\r\n<p>Do you still have this problem?</p>",
    "PostedDate": "2010-06-27T12:36:10.4-07:00",
    "UserRole": "Coordinator",
    "MarkedAsAnswerDate": null
  },
  {
    "Id": "464089",
    "ThreadId": "216512",
    "Html": "<p>Hi anders, I've been using SharePoint Manager 2007 for ages and its always been a great tool, however Im having the same problem when running on Windows 2008 R2.</p>\r\n<p>When I try to open the application crashs with the following message:</p>\r\n<p>SharePoint 2010 has stopped working - Windows can check only for a solution to the problem</p>\r\n<p>Details:</p>\r\n<p>Problem signature:<br>&nbsp; Problem Event Name:&nbsp;&nbsp; &nbsp;APPCRASH<br>&nbsp; Application Name:&nbsp;&nbsp; &nbsp;SharePoint Manager 2010.exe<br>&nbsp; Application Version:&nbsp;&nbsp; &nbsp;1.0.0.0<br>&nbsp; Application Timestamp:&nbsp;&nbsp; &nbsp;4b00297c<br>&nbsp; Fault Module Name:&nbsp;&nbsp; &nbsp;KERNELBASE.dll<br>&nbsp; Fault Module Version:&nbsp;&nbsp; &nbsp;6.1.7600.16385<br>&nbsp; Fault Module Timestamp:&nbsp;&nbsp; &nbsp;4a5bdfe0<br>&nbsp; Exception Code:&nbsp;&nbsp; &nbsp;c000041d<br>&nbsp; Exception Offset:&nbsp;&nbsp; &nbsp;000000000000aa7d<br>&nbsp; OS Version:&nbsp;&nbsp; &nbsp;6.1.7600.2.0.0.272.7<br>&nbsp; Locale ID:&nbsp;&nbsp; &nbsp;3081<br>&nbsp; Additional Information 1:&nbsp;&nbsp; &nbsp;fd7f<br>&nbsp; Additional Information 2:&nbsp;&nbsp; &nbsp;fd7f14ed3cd9963714e8e7c330c23633<br>&nbsp; Additional Information 3:&nbsp;&nbsp; &nbsp;5772<br>&nbsp; Additional Information 4:&nbsp;&nbsp; &nbsp;57725856c57357c51c8e6bac074e9c4e<br><br>Read our privacy statement online:<br>&nbsp; http://go.microsoft.com/fwlink/?linkid=104288&amp;clcid=0x0409<br><br>If the online privacy statement is not available, please read our privacy statement offline:<br>&nbsp; C:\\Windows\\system32\\en-US\\erofflps.txt</p>\r\n<p>I appreciate any help!</p>\r\n<p>Jose.</p>",
    "PostedDate": "2010-07-07T00:11:53.673-07:00",
    "UserRole": null,
    "MarkedAsAnswerDate": null
  },
  {
    "Id": "479141",
    "ThreadId": "216512",
    "Html": "Hi,\r\nI've the same Problem on a windows 2008 R2 Server.\r\n\r\nEddi\r\n\r\n<blockquote style=\"border:solid .1em #ccc;font-style:italic;margin:.25em 1em 0 1em;padding:0 .25em 0 .25em\"><strong>JoseSoares wrote:</strong><br><p>Hi anders, I've been using SharePoint Manager 2007 for ages and its always been a great tool, however Im having the same problem when running on Windows 2008 R2.</p>\r\n<p>When I try to open the application crashs with the following message:</p>\r\n<p>SharePoint 2010 has stopped working - Windows can check only for a solution to the problem</p>\r\n<p>Details:</p>\r\n<p>Problem signature:<br>&nbsp; Problem Event Name:&nbsp;&nbsp; &nbsp;APPCRASH<br>&nbsp; Application Name:&nbsp;&nbsp; &nbsp;SharePoint Manager 2010.exe<br>&nbsp; Application Version:&nbsp;&nbsp; &nbsp;1.0.0.0<br>&nbsp; Application Timestamp:&nbsp;&nbsp; &nbsp;4b00297c<br>&nbsp; Fault Module Name:&nbsp;&nbsp; &nbsp;KERNELBASE.dll<br>&nbsp; Fault Module Version:&nbsp;&nbsp; &nbsp;6.1.7600.16385<br>&nbsp; Fault Module Timestamp:&nbsp;&nbsp; &nbsp;4a5bdfe0<br>&nbsp; Exception Code:&nbsp;&nbsp; &nbsp;c000041d<br>&nbsp; Exception Offset:&nbsp;&nbsp; &nbsp;000000000000aa7d<br>&nbsp; OS Version:&nbsp;&nbsp; &nbsp;6.1.7600.2.0.0.272.7<br>&nbsp; Locale ID:&nbsp;&nbsp; &nbsp;3081<br>&nbsp; Additional Information 1:&nbsp;&nbsp; &nbsp;fd7f<br>&nbsp; Additional Information 2:&nbsp;&nbsp; &nbsp;fd7f14ed3cd9963714e8e7c330c23633<br>&nbsp; Additional Information 3:&nbsp;&nbsp; &nbsp;5772<br>&nbsp; Additional Information 4:&nbsp;&nbsp; &nbsp;57725856c57357c51c8e6bac074e9c4e<br><br>Read our privacy statement online:<br>&nbsp; http://go.microsoft.com/fwlink/?linkid=104288&amp;clcid=0x0409<br><br>If the online privacy statement is not available, please read our privacy statement offline:<br>&nbsp; C:\\Windows\\system32\\en-US\\erofflps.txt</p>\r\n<p>I appreciate any help!</p>\r\n<p>Jose.</p></blockquote><p></p>",
    "PostedDate": "2010-08-11T07:44:06.46-07:00",
    "UserRole": null,
    "MarkedAsAnswerDate": null
  },
  {
    "Id": "481710",
    "ThreadId": "216512",
    "Html": "I downloaded today and same result - Not valid Win32 application.\r\n\r\n(Using Windows XP SP3)",
    "PostedDate": "2010-08-18T00:02:07.14-07:00",
    "UserRole": null,
    "MarkedAsAnswerDate": null
  },
  {
    "Id": "481711",
    "ThreadId": "216512",
    "Html": "Is this right, Microsoft Server 2003???\r\n\r\nPrerequisites:\r\n------------------\r\nMicrosoft Server 2003\r\nMicrosoft  .NET Framework 2.0\r\nMicrosoft SharePoint Services 3.0 ",
    "PostedDate": "2010-08-18T00:06:50.1-07:00",
    "UserRole": null,
    "MarkedAsAnswerDate": null
  },
  {
    "Id": "482122",
    "ThreadId": "216512",
    "Html": "<p>SPManager 2010 works on a 64 bit computer - not a 32 bit computer</p>",
    "PostedDate": "2010-08-18T18:44:54.76-07:00",
    "UserRole": null,
    "MarkedAsAnswerDate": null
  },
  {
    "Id": "482236",
    "ThreadId": "216512",
    "Html": "I've tried on Windows 2008 64bit..... not working.",
    "PostedDate": "2010-08-19T03:43:40.743-07:00",
    "UserRole": null,
    "MarkedAsAnswerDate": null
  },
  {
    "Id": "483523",
    "ThreadId": "216512",
    "Html": "<p>Had the same problem, I ran the application as <span style=\"text-decoration:underline\"><strong>administrator </strong></span>and it works fine.</p>",
    "PostedDate": "2010-08-23T03:23:44.44-07:00",
    "UserRole": null,
    "MarkedAsAnswerDate": null
  }
]