[
  {
    "Id": "850353",
    "ThreadId": "359994",
    "Html": "\r\n<p><span>Does SharePoint Manager 2010 use built-in API/web services to interact with SharePoint?</span></p>\r\n<p>&nbsp;</p>\r\n<p><span>See question on stack overflow:&nbsp;<a href=\"http://sharepoint.stackexchange.com/questions/38713/will-3rd-party-tools-like-feature-admin-void-microsoft-technical-support\">http://sharepoint.stackexchange.com/questions/38713/will-3rd-party-tools-like-feature-admin-void-microsoft-technical-support</a></span></p>\r\n",
    "PostedDate": "2012-06-18T07:15:53.843-07:00",
    "UserRole": null,
    "MarkedAsAnswerDate": null
  }
]