[
  {
    "Id": "408589",
    "ThreadId": "199849",
    "Html": "<p>Can SPM 2010 be used to navigate a MOSS 2007 farm?&nbsp; From comments on download/discussion pages it appears so, but I don't see this explicitly called out anywhere.&nbsp; ...Or do I need the SPM 2007 version for my MOSS 2007 farm (dev env)?</p>\r\n<p>TIA</p>",
    "PostedDate": "2010-02-26T07:00:19.207-08:00",
    "UserRole": null,
    "MarkedAsAnswerDate": null
  },
  {
    "Id": "437303",
    "ThreadId": "199849",
    "Html": "<p>i would like to know this as well. &nbsp;Can someone respond? &nbsp;Have you gotten an answer for this elsewhere?</p>",
    "PostedDate": "2010-04-29T13:19:17.003-07:00",
    "UserRole": null,
    "MarkedAsAnswerDate": null
  },
  {
    "Id": "460398",
    "ThreadId": "199849",
    "Html": "<p>Hey</p>\r\n<p>No you can not use SPM 2010 on a MOSS farm and you can download the 2007 version here <a href=\"http://spm.codeplex.com/releases/view/22762\">http://spm.codeplex.com/releases/view/22762</a></p>",
    "PostedDate": "2010-06-27T12:35:03.457-07:00",
    "UserRole": "Coordinator",
    "MarkedAsAnswerDate": null
  }
]