[
  {
    "Id": "920521",
    "ThreadId": "397682",
    "Html": "\r\n<p>Hi,</p>\r\n<p>I actually have a problem where I have a WF designed by SPD. I created tasks in it using collect data from user activity.I currently faced&nbsp;a problem where a task shows an error on editing. &quot;This task is currently locked by a running workflow and can't\r\n be edited&quot;. I searched the internet and found that I should check task[SPBuiltInFieldId.WorkflowVersion] as if isn't equal to 1 , then I can change it to 1 to solve the problem so I downloaded SP Manager and navigated to the task list and to the specific item\r\n but I can't see a field/property called &quot;workflow version&quot; so kindly advise If I can change it using SP Manager or not and how to access it or kindly inform me if I can change the status of the task to be completed.</p>\r\n<p>Thanks in advance.</p>\r\n",
    "PostedDate": "2012-10-02T05:02:27.247-07:00",
    "UserRole": null,
    "MarkedAsAnswerDate": null
  }
]