[
  {
    "Id": "673610",
    "ThreadId": "273054",
    "Html": "\r\n<p>Hi,</p>\r\n<p>I am trying to get SharePoint Manager 2010 not working with SharePoint 2010 Server.</p>\r\n<p>I got it to work with Foundation by using right click run as Admin, but it doesn't open anything when I try to run it on our Windows Server 2008 R2 VM with SP2010&nbsp;Server installed on it.</p>\r\n<p>The SharPoint Explorer treeview is empty...</p>\r\n<p>What am I doing wrong?</p>\r\n",
    "PostedDate": "2011-09-19T04:31:04.11-07:00",
    "UserRole": null,
    "MarkedAsAnswerDate": null
  },
  {
    "Id": "715566",
    "ThreadId": "273054",
    "Html": "<p>Hi, same issue. Found any solution?</p>",
    "PostedDate": "2011-12-21T09:31:33.457-08:00",
    "UserRole": null,
    "MarkedAsAnswerDate": null
  },
  {
    "Id": "760215",
    "ThreadId": "273054",
    "Html": "<p>Hi All,</p>\n<p>I eventually found the problem.</p>\n<p>The account I was running the program as was not in the sysadmin group on the SharePoint&nbsp;SQL Server.</p>\n<p>Should have checked this much earlier.</p>",
    "PostedDate": "2012-02-13T02:02:47.873-08:00",
    "UserRole": null,
    "MarkedAsAnswerDate": null
  },
  {
    "Id": "904672",
    "ThreadId": "273054",
    "Html": "<p>Thank you <br />This resolved my issue as well.</p>",
    "PostedDate": "2012-08-27T09:43:40.42-07:00",
    "UserRole": null,
    "MarkedAsAnswerDate": null
  }
]