[
  {
    "Id": "1310311",
    "ThreadId": "568980",
    "Html": "I've been in ADSIEdit for almost a month creating a deleting connections to the various directories  - in that tool, it only deletes the connection -- NOT the DIRECTORY.  So today I was trying to use my Manager 2010 instance to connect to another farm, so I deleted the FARM entry from the tree in an effort to connect to another farm--  Woops, it deleted FARM. The databases are still there, as are the corresponding IIS sites..  When I attempt to join an existing farm, PSConfig doesn't seem to see the SharePoint_Config database. If I attempt to enter the database name by hand, Manager 2010 tells me that the database is not valid.. Does anyone have a way out of this dilemma? <br />\n",
    "PostedDate": "2014-10-03T11:03:31.19-07:00",
    "UserRole": null,
    "MarkedAsAnswerDate": null
  }
]