[
  {
    "Id": "554370",
    "ThreadId": "243047",
    "Html": "\r\n<p>Afternoon All&nbsp;</p>\r\n<p>Was wondering if somebody could help me, i have done a in place upgrade from Sharepoint 2007 to Sharepoint 2010, and all is working fine, i have setup two different web applications with differenct sites, but one seems to have the Theme Gallery folder and\r\n the other doesnt</p>\r\n<p>When i click themes on the site it errors</p>\r\n<p>Can you create the themes folder from within Sharepoint Manager 2010?</p>\r\n<p>Thanks</p>\r\n<p>Phil</p>\r\n",
    "PostedDate": "2011-01-24T06:21:49.843-08:00",
    "UserRole": null,
    "MarkedAsAnswerDate": null
  }
]