[
  {
    "Id": "657950",
    "ThreadId": "269018",
    "Html": "<p>I have downloaded the 2010 version and try to execute it on a 64bit pc and a 64bit server<br />unfortunately it states that it has stopped working<br />Please help</p>\n<p>&nbsp;</p>\n<p>/ geert</p>\n<p>&nbsp;</p>\n<p>Have just testet on a 32 bit virtual - with same depressing result ;-(</p>",
    "PostedDate": "2011-08-14T03:07:45.237-07:00",
    "UserRole": null,
    "MarkedAsAnswerDate": null
  },
  {
    "Id": "658072",
    "ThreadId": "269018",
    "Html": "<p>Run on server as administrator</p>",
    "PostedDate": "2011-08-14T12:08:29.747-07:00",
    "UserRole": null,
    "MarkedAsAnswerDate": null
  }
]