{
  "WorkItem": {
    "AffectedComponent": {
      "Name": "",
      "DisplayName": ""
    },
    "ClosedComment": "",
    "ClosedDate": null,
    "CommentCount": 0,
    "Custom": null,
    "Description": "When attempting to expand the 'Items' node, the program crashes.\n \nI downloaded changeset 54594 to try and fix this myself. The ImageUrl property in the FileNode class fails because this.File has not been initialised. I spent a few minutes trying to work out why but unfortunately ran out of time.",
    "LastUpdatedDate": "2013-02-21T17:50:23.917-08:00",
    "PlannedForRelease": "",
    "ReleaseVisibleToPublic": false,
    "Priority": {
      "Name": "Low",
      "Severity": 50,
      "Id": 1
    },
    "ProjectName": "spm",
    "ReportedDate": "2010-07-12T17:04:59.223-07:00",
    "Status": {
      "Name": "Proposed",
      "Id": 1
    },
    "ReasonClosed": {
      "Name": "Unassigned"
    },
    "Summary": "'Items' node broken in SPM 2010",
    "Type": {
      "Name": "Issue",
      "Id": 3
    },
    "VoteCount": 1,
    "Id": 8973
  },
  "FileAttachments": [
    {
      "FileId": 3271,
      "FileName": "spm2007itemnode.png",
      "DownloadUrl": ".\\3271"
    }
  ],
  "Comments": [
    {
      "Message": "I will fix that, but can you provide me with some more infomation, may a screenshot, so I can se where in the navigation tree you are and witch note is failing",
      "PostedDate": "2010-07-13T10:03:02.057-07:00",
      "Id": -2147483648
    },
    {
      "Message": "",
      "PostedDate": "2010-07-27T19:45:14.21-07:00",
      "Id": -2147483648
    },
    {
      "Message": "Here is the node that works in SPM 2007.",
      "PostedDate": "2010-07-27T19:45:16.193-07:00",
      "Id": -2147483648
    },
    {
      "Message": "",
      "PostedDate": "2013-02-21T17:50:23.917-08:00",
      "Id": -2147483648
    }
  ]
}