{
  "WorkItem": {
    "AffectedComponent": {
      "Name": "",
      "DisplayName": ""
    },
    "ClosedComment": "Fixed in SPM 2010 v2",
    "ClosedDate": "2010-12-17T13:02:12.32-08:00",
    "CommentCount": 0,
    "Custom": null,
    "Description": "I would like to see a loading screen when the application starts. \nI'm currently using SPM 2010 on Windows 7 and when I start SPM 2010 it takes about 20 seconds before the main form is loaded, during that time there is no indication the application is actually loading. \n \nThe modifications needed to accomplish a loading screen or just a loading bar in the main form aren't that complicated I believe. \nThe time to load the app is, if I'm correct, caused by the request to the SharePoint object model during form load.\n \nMaybe this request can be done by a background worker and after that's done the loading bar or screen is hidden.\n \nIf you like I could also participate in the project.",
    "LastUpdatedDate": "2013-05-16T04:58:47.607-07:00",
    "PlannedForRelease": "",
    "ReleaseVisibleToPublic": false,
    "Priority": {
      "Name": "Low",
      "Severity": 50,
      "Id": 1
    },
    "ProjectName": "spm",
    "ReportedDate": "2010-01-12T23:28:53.59-08:00",
    "Status": {
      "Name": "Closed",
      "Id": 4
    },
    "ReasonClosed": {
      "Name": "Unassigned"
    },
    "Summary": "Loading screen when starting application.",
    "Type": {
      "Name": "Issue",
      "Id": 3
    },
    "VoteCount": 2,
    "Id": 6881
  },
  "FileAttachments": [],
  "Comments": []
}