{
  "WorkItem": {
    "AffectedComponent": {
      "Name": "",
      "DisplayName": ""
    },
    "ClosedComment": "",
    "ClosedDate": null,
    "CommentCount": 0,
    "Custom": null,
    "Description": "There is a little issue with a german SharePoint 2010, have a look at the attachment.",
    "LastUpdatedDate": "2013-02-21T17:50:23.357-08:00",
    "PlannedForRelease": "",
    "ReleaseVisibleToPublic": false,
    "Priority": {
      "Name": "Low",
      "Severity": 50,
      "Id": 1
    },
    "ProjectName": "spm",
    "ReportedDate": "2010-07-21T02:21:37.233-07:00",
    "Status": {
      "Name": "Proposed",
      "Id": 1
    },
    "ReasonClosed": {
      "Name": "Unassigned"
    },
    "Summary": "ArgumentNullException",
    "Type": {
      "Name": "Issue",
      "Id": 3
    },
    "VoteCount": 1,
    "Id": 9017
  },
  "FileAttachments": [
    {
      "FileId": 3239,
      "FileName": "ArgumentNullException.jpg",
      "DownloadUrl": ".\\3239"
    }
  ],
  "Comments": [
    {
      "Message": "Will be fixed in the SPM2010 v2 version.",
      "PostedDate": "2010-12-17T13:11:01.75-08:00",
      "Id": -2147483648
    },
    {
      "Message": "",
      "PostedDate": "2013-02-21T17:50:23.357-08:00",
      "Id": -2147483648
    }
  ]
}