{
  "WorkItem": {
    "AffectedComponent": {
      "Name": "",
      "DisplayName": ""
    },
    "ClosedComment": "",
    "ClosedDate": null,
    "CommentCount": 0,
    "Custom": null,
    "Description": "Hi All,\n \nI can't seem to run any of the lastest versions regardless of running as Administrator or not. I double click on the exe and get \"SharePoint Manager 2010 has stopped working\" and the following details;\n \nDescription:\n  Stopped working\n \nProblem signature:\n  Problem Event Name:\tCLR20r3\n  Problem Signature 01:\tsharepoint manager 2010.exe\n  Problem Signature 02:\t1.0.0.0\n  Problem Signature 03:\t4c7a9e76\n  Problem Signature 04:\tSharePoint Manager 2010\n  Problem Signature 05:\t1.0.0.0\n  Problem Signature 06:\t4c7a9e76\n  Problem Signature 07:\tf0\n  Problem Signature 08:\t1df\n  Problem Signature 09:\tSystem.IO.FileNotFoundException\n  OS Version:\t6.1.7601.2.1.0.256.1\n  Locale ID:\t3081\n \nRead our privacy statement online:\n  http://go.microsoft.com/fwlink/?linkid=104288&clcid=0x0409\n \nIf the online privacy statement is not available, please read our privacy statement offline:\n  C:\\Windows\\system32\\en-US\\erofflps.txt\n \nAny ideas of how I can get this working?\nThanks",
    "LastUpdatedDate": "2013-02-21T17:50:22.623-08:00",
    "PlannedForRelease": "",
    "ReleaseVisibleToPublic": false,
    "Priority": {
      "Name": "Low",
      "Severity": 50,
      "Id": 1
    },
    "ProjectName": "spm",
    "ReportedDate": "2011-06-14T19:34:07.557-07:00",
    "Status": {
      "Name": "Proposed",
      "Id": 1
    },
    "ReasonClosed": {
      "Name": "Unassigned"
    },
    "Summary": "Install / Run Issues",
    "Type": {
      "Name": "Issue",
      "Id": 3
    },
    "VoteCount": 4,
    "Id": 11037
  },
  "FileAttachments": [],
  "Comments": [
    {
      "Message": "Same issue here, \r\n\r\nWin 7 Prof 32 bit, \r\n4 GB RAM, \r\nmember of work domain\r\n\r\nand mine doesn't even generate the error log. It simply says \"SharePoint Manager 2010 has stopped working\" and quits.",
      "PostedDate": "2011-06-21T07:39:52.697-07:00",
      "Id": -2147483648
    },
    {
      "Message": "Not sure if you've got the same problem but I realised I was being a muppet and living in SP Designer land...\r\nIt worked like a charm when I actually ran it on the server instead of my machine.",
      "PostedDate": "2011-06-21T16:21:49.313-07:00",
      "Id": -2147483648
    },
    {
      "Message": "",
      "PostedDate": "2011-07-05T04:46:31.66-07:00",
      "Id": -2147483648
    },
    {
      "Message": "got the same one today. looks like .NET 2 runtime depency. trying to get older version now",
      "PostedDate": "2011-07-05T04:48:27.68-07:00",
      "Id": -2147483648
    },
    {
      "Message": "update: that was Win7 installation, and after 1st fail OS automatically update some \"compatibility settings\" and it becomes working. however it cannot see my farm anyway :)",
      "PostedDate": "2011-07-05T04:59:47.24-07:00",
      "Id": -2147483648
    },
    {
      "Message": "SharePoint Manager is only designed to work on a machine with SharePoint installed directly on it. \r\nIs will work on a Windows 7 machine with SharePoint installed.\r\n",
      "PostedDate": "2011-07-13T01:51:20.17-07:00",
      "Id": -2147483648
    },
    {
      "Message": "You might also want to update the Documentation page(s), as there currently are none. I found a Readme.txt in the extracted folders but it was for the 2007 version.",
      "PostedDate": "2011-09-13T05:23:53.23-07:00",
      "Id": -2147483648
    },
    {
      "Message": "I've seem to found the solution to this :\r\n\r\n- Run this executable on the Machine Sharepoint is installed on.\r\n- Run as an administrator (be sure you are an administrator)\r\n- You must have access to the Sharepoint_AdminContent_<GUID> database as well as the Sharepoint_Config database ( on SQL-level )\r\n- Just to make sure, grant yourself access to the WSS_Content database\r\n- Make sure you are a farm administrator (via the central admin)\r\n\r\nPlease correct me if I'm overdoing it, I'm currently working on a dev machine running Sharepoint, I needed all these configurations in order to make it work.",
      "PostedDate": "2011-10-06T10:56:17.323-07:00",
      "Id": -2147483648
    },
    {
      "Message": "",
      "PostedDate": "2012-01-27T12:19:06.543-08:00",
      "Id": -2147483648
    },
    {
      "Message": "Didn't realize I was trying to run it from the wrong server.\r\nHowever, when I did run it from the correct server, the SharePoint Manager v2 (Alpha 20110711) build would not launch, but the previous stable build of v1 did work.\r\nBetter error handling when the app launches would be nice to report what was preventing the app from running. ",
      "PostedDate": "2012-01-27T12:39:44.597-08:00",
      "Id": -2147483648
    },
    {
      "Message": "I've done all of this, but it still won't install for me, and it gives no error message.\r\n\r\n- Run this executable on the Machine Sharepoint is installed on.\r\n- Run as an administrator (be sure you are an administrator)\r\n- You must have access to the Sharepoint_AdminContent_<GUID> database as well as the Sharepoint_Config database ( on SQL-level )\r\n- Just to make sure, grant yourself access to the WSS_Content database\r\n- Make sure you are a farm administrator (via the central admin)",
      "PostedDate": "2012-06-14T06:26:23.547-07:00",
      "Id": -2147483648
    },
    {
      "Message": "Same here: no error just says \"Stopped working\".\r\n\r\nInstalled on Windows Server 2008 R2, 64-bit.\r\nSharepoint 2010 installed.",
      "PostedDate": "2012-07-16T12:42:39.653-07:00",
      "Id": -2147483648
    },
    {
      "Message": "",
      "PostedDate": "2013-02-21T17:50:22.623-08:00",
      "Id": -2147483648
    }
  ]
}