{
  "WorkItem": {
    "AffectedComponent": {
      "Name": "",
      "DisplayName": ""
    },
    "ClosedComment": "",
    "ClosedDate": null,
    "CommentCount": 0,
    "Custom": null,
    "Description": "Properties are not currently editable.  They should be.  Especially when trying to 'fix' things like aspx pages linked to bad PageLayouts.  See:  http://yyonline.wordpress.com/2008/01/18/moss-page-setting-error-value-does-not-fall-within-the-expected-range/",
    "LastUpdatedDate": "2013-02-21T17:50:26.123-08:00",
    "PlannedForRelease": "",
    "ReleaseVisibleToPublic": false,
    "Priority": {
      "Name": "Low",
      "Severity": 50,
      "Id": 1
    },
    "ProjectName": "spm",
    "ReportedDate": "2008-05-20T22:02:01.12-07:00",
    "Status": {
      "Name": "Proposed",
      "Id": 1
    },
    "ReasonClosed": {
      "Name": "Unassigned"
    },
    "Summary": "Add the ability to edit properties",
    "Type": {
      "Name": "Issue",
      "Id": 3
    },
    "VoteCount": 4,
    "Id": 2207
  },
  "FileAttachments": [],
  "Comments": [
    {
      "Message": "Realise that this is an old issue but I can't edit in SP Manager 2013",
      "PostedDate": "2013-01-04T08:45:51.133-08:00",
      "Id": -2147483648
    },
    {
      "Message": "",
      "PostedDate": "2013-02-21T17:50:26.123-08:00",
      "Id": -2147483648
    }
  ]
}