{
  "WorkItem": {
    "AffectedComponent": {
      "Name": "",
      "DisplayName": ""
    },
    "ClosedComment": "EventReceivers are now implementet... download source code or wait for the new release.",
    "ClosedDate": "2008-10-02T12:40:12.297-07:00",
    "CommentCount": 0,
    "Custom": null,
    "Description": "Wonderful tool - best Sharepoint debugging tool I've seen so far.  \n \nOne thing I can't find: Event receivers.  It is often useful to see which event receivers are installed on a list, because it's so easy to make a mistake here.",
    "LastUpdatedDate": "2013-05-16T04:58:48.063-07:00",
    "PlannedForRelease": "",
    "ReleaseVisibleToPublic": false,
    "Priority": {
      "Name": "Low",
      "Severity": 50,
      "Id": 1
    },
    "ProjectName": "spm",
    "ReportedDate": "2007-12-19T05:03:56.04-08:00",
    "Status": {
      "Name": "Closed",
      "Id": 4
    },
    "ReasonClosed": {
      "Name": "Unassigned"
    },
    "Summary": "Event receivers",
    "Type": {
      "Name": "Issue",
      "Id": 3
    },
    "VoteCount": 1,
    "Id": 667
  },
  "FileAttachments": [],
  "Comments": [
    {
      "Message": "Actually you can see event receivers, you just have to use the property view of the Web/ContentType/List object. \r\nBut one day, I may implement a TreeNode for it :o)",
      "PostedDate": "2007-12-21T02:05:27.727-08:00",
      "Id": -2147483648
    },
    {
      "Message": "",
      "PostedDate": "2008-10-02T12:40:12.297-07:00",
      "Id": -2147483648
    },
    {
      "Message": "",
      "PostedDate": "2013-02-21T17:50:26.297-08:00",
      "Id": -2147483648
    },
    {
      "Message": "",
      "PostedDate": "2013-05-16T04:58:48.063-07:00",
      "Id": -2147483648
    }
  ]
}