{
  "WorkItem": {
    "AffectedComponent": {
      "Name": "",
      "DisplayName": ""
    },
    "ClosedComment": "",
    "ClosedDate": null,
    "CommentCount": 0,
    "Custom": null,
    "Description": "I have downloaded SharePoint Manager 2013 onto my virtual farm but it is not allowing me to edit properties on there. I'm using an account which has access to the DB and has farm level admin rights. However, Add and Remove buttons are disabled.",
    "LastUpdatedDate": "2014-03-13T03:32:24.553-07:00",
    "PlannedForRelease": "",
    "ReleaseVisibleToPublic": false,
    "Priority": {
      "Name": "Low",
      "Severity": 50,
      "Id": 1
    },
    "ProjectName": "spm",
    "ReportedDate": "2013-01-04T08:53:16.423-08:00",
    "Status": {
      "Name": "Proposed",
      "Id": 1
    },
    "ReasonClosed": {
      "Name": "Unassigned"
    },
    "Summary": "Unable to add or edit farm level properties in SP Manager 2013",
    "Type": {
      "Name": "Issue",
      "Id": 3
    },
    "VoteCount": 1,
    "Id": 12704
  },
  "FileAttachments": [],
  "Comments": [
    {
      "Message": "I have the exact same issue. Need to delete some annoying Hashtag_0 fields on a sub site that's preventing me from saving the site as a template.\r\n\r\nVery frustrating, as I can see them on SPM but the Remove button is greyed out.. \r\n\r\nDid you ever find a solution to this Kevmcdonk?\r\n\r\nThanks\nDanny",
      "PostedDate": "2014-03-13T03:32:24.553-07:00",
      "Id": -2147483648
    }
  ]
}