{
  "WorkItem": {
    "AffectedComponent": {
      "Name": "",
      "DisplayName": ""
    },
    "ClosedComment": "",
    "ClosedDate": "2010-02-20T00:02:46.47-08:00",
    "CommentCount": 0,
    "Custom": null,
    "Description": "I wanted to start SPM 2010, but when i do try i get the message:\n \nThe version of this file is not compatible with the version of Windows you're running. Check your computer's system information to see wether you need an x86 (32-bit) or x86 (64-bit) version of the program, and then contact the software publisher.\n \nI'm running Windows 7 with 32 bit",
    "LastUpdatedDate": "2013-05-16T04:58:47.453-07:00",
    "PlannedForRelease": "",
    "ReleaseVisibleToPublic": false,
    "Priority": {
      "Name": "Low",
      "Severity": 50,
      "Id": 1
    },
    "ProjectName": "spm",
    "ReportedDate": "2010-02-16T07:16:16.447-08:00",
    "Status": {
      "Name": "Closed",
      "Id": 4
    },
    "ReasonClosed": {
      "Name": "Unassigned"
    },
    "Summary": "Not able to start SharePoint Manager, 32 bit not supported?",
    "Type": {
      "Name": "Issue",
      "Id": 3
    },
    "VoteCount": 1,
    "Id": 7032
  },
  "FileAttachments": [],
  "Comments": [
    {
      "Message": "Hey rfcdejong\r\nNo it is not and you need to run SharePoint Manager directy on your SharePoint server/workstation",
      "PostedDate": "2010-02-20T00:02:33.757-08:00",
      "Id": -2147483648
    },
    {
      "Message": "",
      "PostedDate": "2010-02-20T00:02:46.47-08:00",
      "Id": -2147483648
    },
    {
      "Message": "",
      "PostedDate": "2013-02-21T17:50:24.28-08:00",
      "Id": -2147483648
    },
    {
      "Message": "",
      "PostedDate": "2013-05-16T04:58:47.453-07:00",
      "Id": -2147483648
    }
  ]
}