{
  "WorkItem": {
    "AffectedComponent": {
      "Name": "",
      "DisplayName": ""
    },
    "ClosedComment": "",
    "ClosedDate": null,
    "CommentCount": 0,
    "Custom": null,
    "Description": "I am attempting to identify field values for a task-list item.. I can see the item's content types and associated fields... I can see the item's version history with associated fields... I  can see the Properties (which only contains WorkflowCreationPath)... I cannot find any of the field values, anywhere... anywhere I see fields, it focuses on the definition only... no value.\n \nIn the event that you'd like to decode the ExtendedProperties as well (xml encoded)... all the more info :)",
    "LastUpdatedDate": "2014-07-27T00:55:50.497-07:00",
    "PlannedForRelease": "",
    "ReleaseVisibleToPublic": false,
    "Priority": {
      "Name": "Low",
      "Severity": 50,
      "Id": 1
    },
    "ProjectName": "spm",
    "ReportedDate": "2011-10-24T08:55:35.053-07:00",
    "Status": {
      "Name": "Proposed",
      "Id": 1
    },
    "ReasonClosed": {
      "Name": "Unassigned"
    },
    "Summary": "Obtain ListItem field values",
    "Type": {
      "Name": "Issue",
      "Id": 3
    },
    "VoteCount": 2,
    "Id": 11383
  },
  "FileAttachments": [],
  "Comments": [
    {
      "Message": "Unfortunately there is no way to do this in sharepoint manager ",
      "PostedDate": "2014-07-27T00:55:50.497-07:00",
      "Id": -2147483648
    }
  ]
}