{
  "WorkItem": {
    "AffectedComponent": {
      "Name": "",
      "DisplayName": ""
    },
    "ClosedComment": "",
    "ClosedDate": null,
    "CommentCount": 0,
    "Custom": null,
    "Description": "I am getting this error when I tried to run the exe. \nAny advise on this issue is helpful.\n\nThanks,\nPrasad",
    "LastUpdatedDate": "2015-09-30T12:47:59.74-07:00",
    "PlannedForRelease": "",
    "ReleaseVisibleToPublic": false,
    "Priority": {
      "Name": "Unassigned",
      "Severity": 0,
      "Id": 0
    },
    "ProjectName": "spm",
    "ReportedDate": "2013-10-24T03:04:24.087-07:00",
    "Status": {
      "Name": "Proposed",
      "Id": 1
    },
    "ReasonClosed": {
      "Name": "Unassigned"
    },
    "Summary": "Unable to load one or more of the requested types. retrieve the loader exceptions",
    "Type": {
      "Name": "Unassigned",
      "Id": 5
    },
    "VoteCount": 9,
    "Id": 13072
  },
  "FileAttachments": [],
  "Comments": [
    {
      "Message": "Hi Prasad\nAre you running on the SharePoint server? And are you running UAC? Can you description your environment?",
      "PostedDate": "2013-11-24T10:33:56.13-08:00",
      "Id": -2147483648
    },
    {
      "Message": "Hi AndersDissing,\nThanks for getting back to me.\nI am running on SP server and yes we are running UAC.. It's an standard Windows Server 2008 R2 with Enterprise Edition of SP 2010 Server in it.\r\n\r\nRegards,\nPrasad",
      "PostedDate": "2013-11-25T02:27:10.36-08:00",
      "Id": -2147483648
    },
    {
      "Message": "I am having the same install error. Also running SharePoint on 2010 server edition.",
      "PostedDate": "2014-01-10T08:11:58.367-08:00",
      "Id": -2147483648
    },
    {
      "Message": "Sorry, just realized that this application is not intended to be run on remote machines.",
      "PostedDate": "2014-01-10T08:13:34.127-08:00",
      "Id": -2147483648
    },
    {
      "Message": "",
      "PostedDate": "2014-02-20T09:27:51.89-08:00",
      "Id": -2147483648
    },
    {
      "Message": "",
      "PostedDate": "2014-05-14T13:11:27.157-07:00",
      "Id": -2147483648
    },
    {
      "Message": "I am getting the same error. Local SharePoint 2010 servers Ent. edition, no UAC. Anyone has solution?",
      "PostedDate": "2014-06-03T08:23:46.783-07:00",
      "Id": -2147483648
    },
    {
      "Message": "",
      "PostedDate": "2014-07-01T07:52:21.37-07:00",
      "Id": -2147483648
    },
    {
      "Message": "I downloaded the SharePoint Manager 2013 and tried to run it on my SharePoint 2010 SP2 Enterprise Edition June 2014 CU box and it gave me the error message \"Unable to load one or more of the requested types. Retrieve the LoadExceptions property for more information.\"  I found a link https://spm.codeplex.com/downloads/get/526736\nand that is for the SharePoint 2010 version which works, and hopefully the attachment will work and you can see it!\nI tried it on my SharePoint 2013 SP1 Enterprise Edition June 2014 CU and it worked with the \"original\" download that was for the SharePoint Manager 2013 version instead of the one listed in the link above for SharePoint Manager 2010",
      "PostedDate": "2014-07-02T08:17:51.687-07:00",
      "Id": -2147483648
    },
    {
      "Message": "![Image](http://www.westportpoint.org/Shared%20Images/CodePlex%20-%20SharePoint%20Manager%202010%20and%202013.jpg)\nThe attachment didn't come up so I attached the graphic here.",
      "PostedDate": "2014-07-02T08:24:55.417-07:00",
      "Id": -2147483648
    },
    {
      "Message": "",
      "PostedDate": "2014-10-21T15:15:48-07:00",
      "Id": -2147483648
    },
    {
      "Message": "",
      "PostedDate": "2014-11-18T08:13:51.963-08:00",
      "Id": -2147483648
    },
    {
      "Message": "",
      "PostedDate": "2015-09-30T12:47:59.74-07:00",
      "Id": -2147483648
    }
  ]
}