{
  "WorkItem": {
    "AffectedComponent": {
      "Name": "",
      "DisplayName": ""
    },
    "ClosedComment": "",
    "ClosedDate": null,
    "CommentCount": 0,
    "Custom": null,
    "Description": "Hello,\nI double-click it at 2008 R2 and nothing happens.Yet, you can see it at task manager. Any thoughts?",
    "LastUpdatedDate": "2013-02-21T17:50:23.73-08:00",
    "PlannedForRelease": "",
    "ReleaseVisibleToPublic": false,
    "Priority": {
      "Name": "Low",
      "Severity": 50,
      "Id": 1
    },
    "ProjectName": "spm",
    "ReportedDate": "2010-07-13T03:41:24.523-07:00",
    "Status": {
      "Name": "Proposed",
      "Id": 1
    },
    "ReasonClosed": {
      "Name": "Unassigned"
    },
    "Summary": "Double-clicking does nothing",
    "Type": {
      "Name": "Issue",
      "Id": 3
    },
    "VoteCount": 1,
    "Id": 8974
  },
  "FileAttachments": [],
  "Comments": [
    {
      "Message": "Have big is your SharePoint farm? For SPM is not the faste tool to load :S",
      "PostedDate": "2010-07-13T10:01:21.703-07:00",
      "Id": -2147483648
    },
    {
      "Message": "The SP farm is very small- it's for testing purposes. I see it in task manager starting and then disappearing....",
      "PostedDate": "2010-09-20T07:33:53.34-07:00",
      "Id": -2147483648
    },
    {
      "Message": "",
      "PostedDate": "2013-02-21T17:50:23.73-08:00",
      "Id": -2147483648
    }
  ]
}