{
  "WorkItem": {
    "AffectedComponent": {
      "Name": "",
      "DisplayName": ""
    },
    "ClosedComment": "",
    "ClosedDate": null,
    "CommentCount": 0,
    "Custom": null,
    "Description": "I've been looking for a way to do searching / filtering (on node names, by partial string etc), which would help locate the vast nunmber of fields / properties found on just amount every list.   Any chance this can be implemented in a next release?",
    "LastUpdatedDate": "2013-02-21T17:50:22.243-08:00",
    "PlannedForRelease": "",
    "ReleaseVisibleToPublic": false,
    "Priority": {
      "Name": "Low",
      "Severity": 50,
      "Id": 1
    },
    "ProjectName": "spm",
    "ReportedDate": "2011-10-23T12:34:41.507-07:00",
    "Status": {
      "Name": "Proposed",
      "Id": 1
    },
    "ReasonClosed": {
      "Name": "Unassigned"
    },
    "Summary": "Feature Request - Search Functionality",
    "Type": {
      "Name": "Issue",
      "Id": 3
    },
    "VoteCount": 1,
    "Id": 11379
  },
  "FileAttachments": [],
  "Comments": []
}