{
  "WorkItem": {
    "AffectedComponent": {
      "Name": "",
      "DisplayName": ""
    },
    "ClosedComment": "",
    "ClosedDate": null,
    "CommentCount": 0,
    "Custom": null,
    "Description": "When you attempt to delete a site column that is still included in a site content type (but you didn't know that ahead of time) you get an ugly unhandled exception dialog with two choices:\n* Continue\n* Quit\n\nIt is not clear if it is safe to Continue.\n\nWouldn't it be preferred to catch the exception and display a friendly dialog along the lines of:\n* SharePoint Manager was unable to delete this site column. The following error was returned:\n  * Site columns which are included in content types or on lists cannot be deleted. Please remove all instances of this site column prior to deleting it.\n\nThen I would have some confidence that it is safe to continue and proceed to remove the site column from any content types or lists before re-attempting to delete it.\n\nVersion:\n* SharePoint Manager 2013\n* Ver: 1.0.12.1106",
    "LastUpdatedDate": "2013-07-31T13:54:54.277-07:00",
    "PlannedForRelease": "",
    "ReleaseVisibleToPublic": false,
    "Priority": {
      "Name": "Unassigned",
      "Severity": 0,
      "Id": 0
    },
    "ProjectName": "spm",
    "ReportedDate": "2013-04-20T03:29:39.257-07:00",
    "Status": {
      "Name": "Proposed",
      "Id": 1
    },
    "ReasonClosed": {
      "Name": "Unassigned"
    },
    "Summary": "Unhandled exception when deleting site column that is in use",
    "Type": {
      "Name": "Issue",
      "Id": 3
    },
    "VoteCount": 1,
    "Id": 12888
  },
  "FileAttachments": [
    {
      "FileId": 5689,
      "FileName": "delete site column exception.txt",
      "DownloadUrl": ".\\5689"
    }
  ],
  "Comments": [
    {
      "Message": "this is not just for site columns but also for custom content types.  same behavior, in terms of unhandled exception",
      "PostedDate": "2013-07-31T13:54:54.277-07:00",
      "Id": -2147483648
    }
  ]
}