{
  "WorkItem": {
    "AffectedComponent": {
      "Name": "",
      "DisplayName": ""
    },
    "ClosedComment": "",
    "ClosedDate": null,
    "CommentCount": 0,
    "Custom": null,
    "Description": "Hi,\n \nFirst of all thank you for this great application. I`m using SP Manager 2007, my problem is with saving. I need to change a field property (Required = true to false) of a content type in a list. But when I try to Save it, it gives me this error: \"Exception has been thrown by the target of an invocation\". I looked to the Event Viewer of the machine but can`t find any log about this error. I`m logging to the server as administrator and sharepoint administrator. Can anyone help me on this ?\n \nYou can find a screenshot of the error in the attachment.\n \nThank You",
    "LastUpdatedDate": "2013-04-05T12:00:29.54-07:00",
    "PlannedForRelease": "",
    "ReleaseVisibleToPublic": false,
    "Priority": {
      "Name": "Low",
      "Severity": 50,
      "Id": 1
    },
    "ProjectName": "spm",
    "ReportedDate": "2011-03-09T12:28:25.813-08:00",
    "Status": {
      "Name": "Proposed",
      "Id": 1
    },
    "ReasonClosed": {
      "Name": "Unassigned"
    },
    "Summary": "Problem with Saving in SP Manager 2007",
    "Type": {
      "Name": "Issue",
      "Id": 3
    },
    "VoteCount": 2,
    "Id": 10319
  },
  "FileAttachments": [
    {
      "FileId": 3835,
      "FileName": "spmanager_error.JPG",
      "DownloadUrl": ".\\3835"
    }
  ],
  "Comments": [
    {
      "Message": "Hi,\r\n\r\nDid you resolve this issue? My issue is I can see \"Quantity 1\" field in NewForm.aspx, etc. but I CAN'T see it List Settings (where you go to modify your list). \r\n\r\nI used SP Manager 2007 and I changed the ShowInListSettings=TRUE & Saved it. I opened my site in a new browser and it still doesn't show up in List Settings.\r\n\r\nJignesh Shah",
      "PostedDate": "2013-04-05T12:00:29.54-07:00",
      "Id": -2147483648
    }
  ]
}