{
  "WorkItem": {
    "AffectedComponent": {
      "Name": "",
      "DisplayName": ""
    },
    "ClosedComment": "",
    "ClosedDate": null,
    "CommentCount": 0,
    "Custom": null,
    "Description": "When attempting to use SPM on large environments (3 SP servers, 5 Web Applciations, 100k+ Site Collections, 4 TB of data) it takes hours for the application to do simple functions.  Is there any way to change the application so that it does not have to load everything into memory before the UI even loads?  Same thing goes for the Feature Admin tool.",
    "LastUpdatedDate": "2014-09-30T00:06:21.1-07:00",
    "PlannedForRelease": "",
    "ReleaseVisibleToPublic": false,
    "Priority": {
      "Name": "Low",
      "Severity": 50,
      "Id": 1
    },
    "ProjectName": "spm",
    "ReportedDate": "2011-06-15T13:46:43.12-07:00",
    "Status": {
      "Name": "Proposed",
      "Id": 1
    },
    "ReasonClosed": {
      "Name": "Unassigned"
    },
    "Summary": "SPM does not perform well on large environment",
    "Type": {
      "Name": "Issue",
      "Id": 3
    },
    "VoteCount": 1,
    "Id": 11039
  },
  "FileAttachments": [],
  "Comments": [
    {
      "Message": "The new SPM2010 v2 should solve some of the load problems on large environments. ",
      "PostedDate": "2011-07-13T01:46:27.673-07:00",
      "Id": -2147483648
    },
    {
      "Message": "",
      "PostedDate": "2013-02-21T17:50:22.43-08:00",
      "Id": -2147483648
    },
    {
      "Message": "Still very, very slow on e.g. opening a list with > 80000 entries. Takes ages (30 minutes).\nAny ways to ignore the entries ? I just want to edit a field property.",
      "PostedDate": "2014-09-30T00:06:21.1-07:00",
      "Id": -2147483648
    }
  ]
}