{
  "WorkItem": {
    "AffectedComponent": {
      "Name": "",
      "DisplayName": ""
    },
    "ClosedComment": "",
    "ClosedDate": null,
    "CommentCount": 0,
    "Custom": null,
    "Description": "I get the following error when first starting SPM:\n \n---------------------------\nError\n---------------------------\nObject reference not set to an instance of an object.\n---------------------------\nOK   \n---------------------------\n \nI click OK, then program launches but the only node I have available is the SharePoint_Config node. I click the refresh button, then get the same issue as above. I downloaded and compiled the source code, and in that version I do not get an error and all expected nodes are available.\n \nI'm running it on Windows 2008 R2 x64.",
    "LastUpdatedDate": "2013-02-21T17:50:23.53-08:00",
    "PlannedForRelease": "",
    "ReleaseVisibleToPublic": false,
    "Priority": {
      "Name": "Low",
      "Severity": 50,
      "Id": 1
    },
    "ProjectName": "spm",
    "ReportedDate": "2010-07-13T15:16:14.457-07:00",
    "Status": {
      "Name": "Proposed",
      "Id": 1
    },
    "ReasonClosed": {
      "Name": "Unassigned"
    },
    "Summary": "Object reference not set to an instance of an object",
    "Type": {
      "Name": "Issue",
      "Id": 3
    },
    "VoteCount": 3,
    "Id": 8979
  },
  "FileAttachments": [],
  "Comments": [
    {
      "Message": "I'm having the same error...  Did you ever find a resolution?",
      "PostedDate": "2010-08-03T11:32:43.01-07:00",
      "Id": -2147483648
    },
    {
      "Message": "I was able to resolve this issue by re-compiling the source on a Windows 2008 R2 x64 machine.",
      "PostedDate": "2010-08-28T20:27:25.017-07:00",
      "Id": -2147483648
    },
    {
      "Message": "",
      "PostedDate": "2010-10-08T07:32:10.127-07:00",
      "Id": -2147483648
    },
    {
      "Message": "I have two virtual Widnows 2008 RS x64 machines. SharePoint Manager 2010 (both the WPF and Windows Forms versions) work just fine on my development x64 server, but do not work at all on the x64 server we intend to use in production. \r\n\r\nThe Windows Forms SP Manager gives me the \"Object reference not set to an instance of an object\" error. The newer WPF v2 of SP Manager (which I downloaded the source and built fresh) gives me a single TreeNode called \"Farm\" with absolutely no other properties or sub-options beneath it.",
      "PostedDate": "2010-10-26T10:18:09.33-07:00",
      "Id": -2147483648
    },
    {
      "Message": "Ok, after looking at the Event log, I figured out why I was getting the \"Object reference not set\" error only with the production Windows 2008 R2 x64 server (but not the dev server).\r\n\r\nApparently, SharePoint Manager accesses the SQL Server directly, and my identity did not have any login rights to SQL Server. Once my network admin added me as a dbOwner to the production SharePoint database server, both versions of the SharePoint Manager (WPF and WinForms) started working correctly for me.\r\n\r\nOur development R2 x64 server has an internal SQL Server installation, or SQL Express, I'm not sure.. but, it \"just worked\" out of the box, it seemed. I did not build either server.",
      "PostedDate": "2010-10-27T07:20:59.037-07:00",
      "Id": -2147483648
    },
    {
      "Message": "I found the solution in the discussion on this page http://spm.codeplex.com/discussions/234109.\r\nSharePoint Manager has to be started as Windows Admin with an SP Farm Admin Account.",
      "PostedDate": "2011-03-10T12:36:44.92-08:00",
      "Id": -2147483648
    },
    {
      "Message": "",
      "PostedDate": "2011-08-12T03:19:02.89-07:00",
      "Id": -2147483648
    },
    {
      "Message": "Same problem... used to work perfectly on Win Server 2008, but since i've moved sharepoint 2010 to win 2008 r2 this is not working anymore.",
      "PostedDate": "2011-08-12T03:20:02.687-07:00",
      "Id": -2147483648
    },
    {
      "Message": "Can anyone post more configuration. Are you running under UAC? Are the current user dbOwner and Farm admin.?",
      "PostedDate": "2011-08-13T00:55:07.69-07:00",
      "Id": -2147483648
    },
    {
      "Message": "",
      "PostedDate": "2013-02-21T17:50:23.53-08:00",
      "Id": -2147483648
    }
  ]
}