{
  "WorkItem": {
    "AffectedComponent": {
      "Name": "",
      "DisplayName": ""
    },
    "ClosedComment": "",
    "ClosedDate": null,
    "CommentCount": 0,
    "Custom": null,
    "Description": "While having a Sharepoint Manager 2007 process running, I execute a piece of custom code that deletes a numer of SPGroups from a given site. \nI can see the groups beeing deleted when refreshing the site in IE, but the refresh option in Sharepoint Manager does not reflect the changes.",
    "LastUpdatedDate": "2013-02-21T17:50:25.18-08:00",
    "PlannedForRelease": "",
    "ReleaseVisibleToPublic": false,
    "Priority": {
      "Name": "Low",
      "Severity": 50,
      "Id": 1
    },
    "ProjectName": "spm",
    "ReportedDate": "2009-03-16T09:48:02.29-07:00",
    "Status": {
      "Name": "Proposed",
      "Id": 1
    },
    "ReasonClosed": {
      "Name": "Unassigned"
    },
    "Summary": "Right-click->Refresh does not seem to work...",
    "Type": {
      "Name": "Issue",
      "Id": 3
    },
    "VoteCount": 1,
    "Id": 4080
  },
  "FileAttachments": [],
  "Comments": [
    {
      "Message": "Try refreshing web node and see if that helps.",
      "PostedDate": "2010-03-11T05:37:47.513-08:00",
      "Id": -2147483648
    },
    {
      "Message": "Hey janis_veinbergs \r\nThanks for the repport. Can you try a quick work-aroud by refreshing the parent node in the treeview?",
      "PostedDate": "2010-03-13T12:20:52.947-08:00",
      "Id": -2147483648
    },
    {
      "Message": "",
      "PostedDate": "2013-02-21T17:50:25.18-08:00",
      "Id": -2147483648
    }
  ]
}