{
  "WorkItem": {
    "AffectedComponent": {
      "Name": "",
      "DisplayName": ""
    },
    "ClosedComment": "Fixed bug",
    "ClosedDate": "2010-01-31T11:15:31.04-08:00",
    "CommentCount": 0,
    "Custom": null,
    "Description": "First of all, it's a great tool. I just downloaded the lastest version and saw the name of the TreeNode Webapplication Features is still incorrect. In the attachment you can find a image of the node (highligted in red). I think this treenode should be named Webapplication Features. \n \nCould you please change the name? Thanks and keep up the great work!\n \nGreetz, \nBram de Jager",
    "LastUpdatedDate": "2017-03-05T17:44:06.033-08:00",
    "PlannedForRelease": "",
    "ReleaseVisibleToPublic": false,
    "Priority": {
      "Name": "Low",
      "Severity": 50,
      "Id": 1
    },
    "ProjectName": "spm",
    "ReportedDate": "2008-07-10T06:31:00.303-07:00",
    "Status": {
      "Name": "Closed",
      "Id": 4
    },
    "ReasonClosed": {
      "Name": "Unassigned"
    },
    "Summary": "Node name in TreeView incorrect: Site features should be Webapplication features",
    "Type": {
      "Name": "Issue",
      "Id": 3
    },
    "VoteCount": 1,
    "Id": 2430
  },
  "FileAttachments": [
    {
      "FileId": 826,
      "FileName": "SPM2007 - Application Features.jpg",
      "DownloadUrl": ".\\826"
    }
  ],
  "Comments": [
    {
      "Message": "Hey Bram\r\nThanks this is fix in the current version of SharePoint Manager 2010",
      "PostedDate": "2010-01-31T11:15:15.327-08:00",
      "Id": -2147483648
    },
    {
      "Message": "",
      "PostedDate": "2010-01-31T11:15:31.04-08:00",
      "Id": -2147483648
    },
    {
      "Message": "",
      "PostedDate": "2013-02-21T17:50:25.94-08:00",
      "Id": -2147483648
    },
    {
      "Message": "",
      "PostedDate": "2013-05-16T04:58:47.913-07:00",
      "Id": -2147483648
    },
    {
      "Message": "",
      "PostedDate": "2017-02-28T18:00:46.503-08:00",
      "Id": -2147483648
    },
    {
      "Message": "",
      "PostedDate": "2017-03-05T17:44:06.033-08:00",
      "Id": -2147483648
    }
  ]
}