{
  "WorkItem": {
    "AffectedComponent": {
      "Name": "",
      "DisplayName": ""
    },
    "ClosedComment": "",
    "ClosedDate": null,
    "CommentCount": 0,
    "Custom": null,
    "Description": "I tried installing Sharepoint Manager 2007 from codeplex on my win 2008/MOSS 2007 development box. However, when I double click on the exe file \"SharePoint Manager 2007.exe\", it gives me a message \"Object reference not set to an instance of an object\". What does it mean and how do I fix it?",
    "LastUpdatedDate": "2013-02-21T17:50:24.817-08:00",
    "PlannedForRelease": "",
    "ReleaseVisibleToPublic": false,
    "Priority": {
      "Name": "Low",
      "Severity": 50,
      "Id": 1
    },
    "ProjectName": "spm",
    "ReportedDate": "2009-07-17T11:03:47.747-07:00",
    "Status": {
      "Name": "Proposed",
      "Id": 1
    },
    "ReasonClosed": {
      "Name": "Unassigned"
    },
    "Summary": "Object reference not set to an instance of an object",
    "Type": {
      "Name": "Issue",
      "Id": 3
    },
    "VoteCount": 6,
    "Id": 5097
  },
  "FileAttachments": [],
  "Comments": [
    {
      "Message": "The same in my case (when runing as Administrator)\r\nWhen I try to run it as normal user I don't see any Sharepoint content \"Could not load any nodes in this context\"\r\n",
      "PostedDate": "2010-04-23T08:26:08.757-07:00",
      "Id": -2147483648
    },
    {
      "Message": "olonga: Do you still have this problem and can you provide some more info?",
      "PostedDate": "2010-06-27T12:30:42.537-07:00",
      "Id": -2147483648
    },
    {
      "Message": "",
      "PostedDate": "2010-12-30T11:52:55.777-08:00",
      "Id": -2147483648
    },
    {
      "Message": "Same Problem on a German Server 2008 Enterprise",
      "PostedDate": "2010-12-30T11:53:48.297-08:00",
      "Id": -2147483648
    },
    {
      "Message": "Yeah - I get the same error - I have Run As Administrator without any luck.",
      "PostedDate": "2011-08-22T16:40:58.213-07:00",
      "Id": -2147483648
    },
    {
      "Message": "",
      "PostedDate": "2011-08-22T16:41:08.357-07:00",
      "Id": -2147483648
    },
    {
      "Message": "Ok the issue was the SQL Server service had crashed.",
      "PostedDate": "2011-08-22T16:43:25.47-07:00",
      "Id": -2147483648
    },
    {
      "Message": "",
      "PostedDate": "2013-02-21T17:50:24.817-08:00",
      "Id": -2147483648
    }
  ]
}