{
  "WorkItem": {
    "AffectedComponent": {
      "Name": "",
      "DisplayName": ""
    },
    "ClosedComment": "",
    "ClosedDate": null,
    "CommentCount": 0,
    "Custom": null,
    "Description": "I had an issue with the delete function in SPM2007.  It does not send anything to the recycle bin upon deletion.  I recently deleted a list using SPM2007 and had to restore my database to recover the list.  I have now modified my copy of the SPM2007 to follow the logic the SharePoint GUI uses.  If web app has recycle bin enabled then call Recycle() else call Delete().  I have added code to check both the recycle bin on the web app and if the object has a Recycle() method though reflection.  If it does, then the Recycle() method is called.  If not, the Delete() method is called.  I have source code for this if needed.",
    "LastUpdatedDate": "2013-02-21T17:50:25.543-08:00",
    "PlannedForRelease": "",
    "ReleaseVisibleToPublic": false,
    "Priority": {
      "Name": "Low",
      "Severity": 50,
      "Id": 1
    },
    "ProjectName": "spm",
    "ReportedDate": "2008-12-16T11:44:41.713-08:00",
    "Status": {
      "Name": "Proposed",
      "Id": 1
    },
    "ReasonClosed": {
      "Name": "Unassigned"
    },
    "Summary": "Delete with the option to send to recycle bin",
    "Type": {
      "Name": "Issue",
      "Id": 3
    },
    "VoteCount": 1,
    "Id": 3488
  },
  "FileAttachments": [],
  "Comments": [
    {
      "Message": "Hey dguerena\r\nCan you attach you code to this issue?",
      "PostedDate": "2010-01-31T11:21:20.237-08:00",
      "Id": -2147483648
    },
    {
      "Message": "Hey dguerena\r\nCan you attach you code to this issue?",
      "PostedDate": "2010-01-31T11:21:23.95-08:00",
      "Id": -2147483648
    },
    {
      "Message": "Hey dguerena\r\nCan you attach you code to this issue?",
      "PostedDate": "2010-01-31T11:21:28.447-08:00",
      "Id": -2147483648
    },
    {
      "Message": "",
      "PostedDate": "2013-02-21T17:50:25.543-08:00",
      "Id": -2147483648
    }
  ]
}