{
  "WorkItem": {
    "AffectedComponent": {
      "Name": "",
      "DisplayName": ""
    },
    "ClosedComment": "",
    "ClosedDate": null,
    "CommentCount": 0,
    "Custom": null,
    "Description": "Lot of SP error messages only contain GUID's so it would be great if SPManager  would contain the ability to search for GUID's trough the whole farm, so you can lookup where the guid is the ID from.",
    "LastUpdatedDate": "2013-02-21T17:50:25.367-08:00",
    "PlannedForRelease": "",
    "ReleaseVisibleToPublic": false,
    "Priority": {
      "Name": "Low",
      "Severity": 50,
      "Id": 1
    },
    "ProjectName": "spm",
    "ReportedDate": "2009-03-05T01:43:20.33-08:00",
    "Status": {
      "Name": "Proposed",
      "Id": 1
    },
    "ReasonClosed": {
      "Name": "Unassigned"
    },
    "Summary": "Search for GUID's",
    "Type": {
      "Name": "Issue",
      "Id": 3
    },
    "VoteCount": 6,
    "Id": 3983
  },
  "FileAttachments": [],
  "Comments": []
}