{
  "WorkItem": {
    "AffectedComponent": {
      "Name": "",
      "DisplayName": ""
    },
    "ClosedComment": "Run the Manager as Administrator",
    "ClosedDate": "2010-06-27T12:29:11.123-07:00",
    "CommentCount": 0,
    "Custom": null,
    "Description": "The version 0.9.11.0206 is not working in my environment (MS Server 2008R2 + German SP2010RC), I can't start it:\n\"SharePoint Manager 2010 has stopped working\"\nProblem details:\n Problem Event Name:\tAPPCRASH\n  Application Name:\tSharePoint Manager 2010.exe\n  Application Version:\t1.0.0.0\n  Application Timestamp:\t4b00297c\n  Fault Module Name:\tKERNELBASE.dll\n  Fault Module Version:\t6.1.7600.16385\n  Fault Module Timestamp:\t4a5bdfe0\n  Exception Code:\tc000041d\n  Exception Offset:\t000000000000aa7d\n  OS Version:\t6.1.7600.2.0.0.274.10\n  Locale ID:\t1031",
    "LastUpdatedDate": "2013-05-16T04:58:47.277-07:00",
    "PlannedForRelease": "",
    "ReleaseVisibleToPublic": false,
    "Priority": {
      "Name": "Low",
      "Severity": 50,
      "Id": 1
    },
    "ProjectName": "spm",
    "ReportedDate": "2010-03-19T02:27:51.64-07:00",
    "Status": {
      "Name": "Closed",
      "Id": 4
    },
    "ReasonClosed": {
      "Name": "Unassigned"
    },
    "Summary": "Not working",
    "Type": {
      "Name": "Issue",
      "Id": 3
    },
    "VoteCount": 2,
    "Id": 7448
  },
  "FileAttachments": [],
  "Comments": [
    {
      "Message": "Fixed: Run the Manager as Administrator (DAMN UAC!!!!)",
      "PostedDate": "2010-03-19T02:31:37.623-07:00",
      "Id": -2147483648
    },
    {
      "Message": "",
      "PostedDate": "2010-06-06T23:03:48.067-07:00",
      "Id": -2147483648
    },
    {
      "Message": "",
      "PostedDate": "2010-06-27T12:29:11.123-07:00",
      "Id": -2147483648
    },
    {
      "Message": "",
      "PostedDate": "2013-02-21T17:50:24.103-08:00",
      "Id": -2147483648
    },
    {
      "Message": "",
      "PostedDate": "2013-05-16T04:58:47.277-07:00",
      "Id": -2147483648
    }
  ]
}