{
  "WorkItem": {
    "AffectedComponent": {
      "Name": "",
      "DisplayName": ""
    },
    "ClosedComment": "",
    "ClosedDate": null,
    "CommentCount": 0,
    "Custom": null,
    "Description": "I've some external list that refer to no more existent external content. On browser clicking the list return this error on the list \"ReadEntities.aspx\" page. The error is this:\n\"Entity (External Content Type) cannot be found with Namespace = 'CRMEntityService.SharePoint.Connector', Name = 'account'.\"\nThis is because of some trying on creating external list on CRM account, I know those not work or BDC source is corrupted/deleted (excuse me for non correct terms used).\nI can edit list and delete it.\n\nI can also see the list in SharePoint Manager but when click on it an error is reported.\nThe error is showed also with right click on the list (for context menu), my idea was ti use \"Delete\" command on the lists by I can't...\n\nThe \"Properties\", \"Browse\", \"Schema XML\" and \"Gris View\" works fine.\n\nSharePoint 2010 Foundation.\nSharePoint Manager 2010 Ver: 0.9.10.0829\n\nAlessandro",
    "LastUpdatedDate": "2013-02-21T17:50:20.243-08:00",
    "PlannedForRelease": "",
    "ReleaseVisibleToPublic": false,
    "Priority": {
      "Name": "Low",
      "Severity": 50,
      "Id": 1
    },
    "ProjectName": "spm",
    "ReportedDate": "2012-12-10T05:20:49.047-08:00",
    "Status": {
      "Name": "Proposed",
      "Id": 1
    },
    "ReasonClosed": {
      "Name": "Unassigned"
    },
    "Summary": "Error on selection of broken/invalid External List",
    "Type": {
      "Name": "Issue",
      "Id": 3
    },
    "VoteCount": 1,
    "Id": 12647
  },
  "FileAttachments": [
    {
      "FileId": 5497,
      "FileName": "Error on External list 2.PNG",
      "DownloadUrl": ".\\5497"
    }
  ],
  "Comments": []
}