{
  "WorkItem": {
    "AffectedComponent": {
      "Name": "",
      "DisplayName": ""
    },
    "ClosedComment": "",
    "ClosedDate": null,
    "CommentCount": 0,
    "Custom": null,
    "Description": "After updating our SharePoint 2013 Farm with the May 2016 CU [15.0.4815.1000], the SharePoint Manager 2013 tool just hangs when trying to run the program.  Anyone else experience this?",
    "LastUpdatedDate": "2016-06-03T07:56:30.053-07:00",
    "PlannedForRelease": "",
    "ReleaseVisibleToPublic": false,
    "Priority": {
      "Name": "Unassigned",
      "Severity": 0,
      "Id": 0
    },
    "ProjectName": "spm",
    "ReportedDate": "2016-06-03T07:56:30.053-07:00",
    "Status": {
      "Name": "Proposed",
      "Id": 1
    },
    "ReasonClosed": {
      "Name": "Unassigned"
    },
    "Summary": "SharePoint Manager 2013 no longer working",
    "Type": {
      "Name": "Unassigned",
      "Id": 5
    },
    "VoteCount": 1,
    "Id": 13453
  },
  "FileAttachments": [],
  "Comments": []
}