{
  "WorkItem": {
    "AffectedComponent": {
      "Name": "",
      "DisplayName": ""
    },
    "ClosedComment": "",
    "ClosedDate": null,
    "CommentCount": 0,
    "Custom": null,
    "Description": "I created a custom view on a custom list and in order to get the query slot to be filled in I had to make the BaseViewId value something not currently being used.  If it is the same as another view then that views query overrides mine.\n \nSo after doing this I attempted to look at the list I created and in particular the views.  The tool blew up and I can only imagine it is the value for the BaseViewId causing it because if I leave it set at 1 which is already being used the tool handles it.  I set it to 100 and my query was correct but the tool barfed.",
    "LastUpdatedDate": "2013-02-21T17:50:24.987-08:00",
    "PlannedForRelease": "",
    "ReleaseVisibleToPublic": false,
    "Priority": {
      "Name": "Low",
      "Severity": 50,
      "Id": 1
    },
    "ProjectName": "spm",
    "ReportedDate": "2009-05-13T17:57:12.427-07:00",
    "Status": {
      "Name": "Proposed",
      "Id": 1
    },
    "ReasonClosed": {
      "Name": "Unassigned"
    },
    "Summary": "List views issue",
    "Type": {
      "Name": "Issue",
      "Id": 3
    },
    "VoteCount": 1,
    "Id": 4393
  },
  "FileAttachments": [],
  "Comments": []
}