{
  "WorkItem": {
    "AffectedComponent": {
      "Name": "",
      "DisplayName": ""
    },
    "ClosedComment": "",
    "ClosedDate": null,
    "CommentCount": 0,
    "Custom": null,
    "Description": "Release of the new version",
    "LastUpdatedDate": "2013-06-14T00:33:54.61-07:00",
    "PlannedForRelease": "SharePoint Manager 2013 Ver 1.0.12.1030",
    "ReleaseVisibleToPublic": true,
    "Priority": {
      "Name": "High",
      "Severity": 150,
      "Id": 3
    },
    "ProjectName": "spm",
    "ReportedDate": "2012-07-19T01:48:42.78-07:00",
    "Status": {
      "Name": "Resolved",
      "Id": 7
    },
    "ReasonClosed": {
      "Name": "Unassigned"
    },
    "Summary": "SharePoint Manager 2013",
    "Type": {
      "Name": "Feature",
      "Id": 1
    },
    "VoteCount": 0,
    "Id": 12386
  },
  "FileAttachments": [],
  "Comments": []
}