{
  "WorkItem": {
    "AffectedComponent": {
      "Name": "",
      "DisplayName": ""
    },
    "ClosedComment": "",
    "ClosedDate": null,
    "CommentCount": 0,
    "Custom": null,
    "Description": "Hi! im trying to run the SPM2013 manager on my SharePoint dev machine. Im running as admin but im still only getting the Farm properties and information. It doesnt resolve the SharePoint webapplicatons aand other information. \n\n![Image](http://example.com/logo.jpg)",
    "LastUpdatedDate": "2017-01-04T06:40:40.113-08:00",
    "PlannedForRelease": "",
    "ReleaseVisibleToPublic": false,
    "Priority": {
      "Name": "Unassigned",
      "Severity": 0,
      "Id": 0
    },
    "ProjectName": "spm",
    "ReportedDate": "2015-03-09T06:36:16.423-07:00",
    "Status": {
      "Name": "Proposed",
      "Id": 1
    },
    "ReasonClosed": {
      "Name": "Unassigned"
    },
    "Summary": "Running SPM 2013 on Windows 2012 R2",
    "Type": {
      "Name": "Unassigned",
      "Id": 5
    },
    "VoteCount": 2,
    "Id": 13356
  },
  "FileAttachments": [
    {
      "FileId": 7974,
      "FileName": "SPM2013_farm_only.PNG",
      "DownloadUrl": ".\\7974"
    }
  ],
  "Comments": [
    {
      "Message": "We are having the same issue. Did you ever resolve this?",
      "PostedDate": "2016-04-29T06:10:09.637-07:00",
      "Id": -2147483648
    },
    {
      "Message": "",
      "PostedDate": "2016-07-29T04:37:14.793-07:00",
      "Id": -2147483648
    },
    {
      "Message": "Is this a common issue? We are experiencing this as well.",
      "PostedDate": "2017-01-04T06:40:40.113-08:00",
      "Id": -2147483648
    }
  ]
}