{
  "WorkItem": {
    "AffectedComponent": {
      "Name": "",
      "DisplayName": ""
    },
    "ClosedComment": "",
    "ClosedDate": null,
    "CommentCount": 0,
    "Custom": null,
    "Description": "I compared the SPM 2010 Ver: 0.9.10.0829 and V2.0.0.0 and in the latter, the nodes for EventReceivers on any user list comes up empty when the former confirms that there are entries. Ver 2 does show the event receivers in the right hand side property page.",
    "LastUpdatedDate": "2013-02-21T17:50:21.52-08:00",
    "PlannedForRelease": "",
    "ReleaseVisibleToPublic": false,
    "Priority": {
      "Name": "Low",
      "Severity": 50,
      "Id": 1
    },
    "ProjectName": "spm",
    "ReportedDate": "2012-05-22T13:12:55.033-07:00",
    "Status": {
      "Name": "Proposed",
      "Id": 1
    },
    "ReasonClosed": {
      "Name": "Unassigned"
    },
    "Summary": "EventReceivers node in a list does not show children SPM 2010 Ver 2.0.0.0",
    "Type": {
      "Name": "Issue",
      "Id": 3
    },
    "VoteCount": 1,
    "Id": 12176
  },
  "FileAttachments": [],
  "Comments": []
}