[
  {
    "Id": 667,
    "Title": "Event receivers"
  },
  {
    "Id": 2207,
    "Title": "Add the ability to edit properties"
  },
  {
    "Id": 2430,
    "Title": "Node name in TreeView incorrect: Site features should be Webapplication features"
  },
  {
    "Id": 2700,
    "Title": "Rapport all missing features"
  },
  {
    "Id": 3488,
    "Title": "Delete with the option to send to recycle bin"
  },
  {
    "Id": 3983,
    "Title": "Search for GUID's"
  },
  {
    "Id": 4080,
    "Title": "Right-click->Refresh does not seem to work..."
  },
  {
    "Id": 4393,
    "Title": "List views issue"
  },
  {
    "Id": 5097,
    "Title": "Object reference not set to an instance of an object"
  },
  {
    "Id": 6881,
    "Title": "Loading screen when starting application."
  },
  {
    "Id": 7032,
    "Title": "Not able to start SharePoint Manager, 32 bit not supported?"
  },
  {
    "Id": 7448,
    "Title": "Not working"
  },
  {
    "Id": 8973,
    "Title": "'Items' node broken in SPM 2010"
  },
  {
    "Id": 8974,
    "Title": "Double-clicking does nothing"
  },
  {
    "Id": 8979,
    "Title": "Object reference not set to an instance of an object"
  },
  {
    "Id": 9017,
    "Title": "ArgumentNullException"
  },
  {
    "Id": 9109,
    "Title": "Feature Request - Functionality to manage the hierarchical store"
  },
  {
    "Id": 10070,
    "Title": "Can not run Sharepoint Manager 2010"
  },
  {
    "Id": 10319,
    "Title": "Problem with Saving in SP Manager 2007"
  },
  {
    "Id": 11037,
    "Title": "Install / Run Issues"
  },
  {
    "Id": 11039,
    "Title": "SPM does not perform well on large environment"
  },
  {
    "Id": 11379,
    "Title": "Feature Request - Search Functionality"
  },
  {
    "Id": 11380,
    "Title": "Feature Request - Search Functionality"
  },
  {
    "Id": 11383,
    "Title": "Obtain ListItem field values"
  },
  {
    "Id": 12175,
    "Title": "EventReceivers node in a list does not show children SPM 2010 Ver 2.0.0.0"
  },
  {
    "Id": 12176,
    "Title": "EventReceivers node in a list does not show children SPM 2010 Ver 2.0.0.0"
  },
  {
    "Id": 12177,
    "Title": "EventReceivers node in a list does not show children SPM 2010 Ver 2.0.0.0"
  },
  {
    "Id": 12266,
    "Title": "Can't Install SharePoint Manager"
  },
  {
    "Id": 12386,
    "Title": "SharePoint Manager 2013"
  },
  {
    "Id": 12475,
    "Title": "Doesn't show list items"
  },
  {
    "Id": 12647,
    "Title": "Error on selection of broken/invalid External List"
  },
  {
    "Id": 12704,
    "Title": "Unable to add or edit farm level properties in SP Manager 2013"
  },
  {
    "Id": 12888,
    "Title": "Unhandled exception when deleting site column that is in use"
  },
  {
    "Id": 13072,
    "Title": "Unable to load one or more of the requested types. retrieve the loader exceptions"
  },
  {
    "Id": 13356,
    "Title": "Running SPM 2013 on Windows 2012 R2"
  },
  {
    "Id": 13422,
    "Title": "Sharepoint Manager 2013 won't display webapplication node"
  },
  {
    "Id": 13441,
    "Title": "SharePoint 2016"
  },
  {
    "Id": 13453,
    "Title": "SharePoint Manager 2013 no longer working"
  },
  {
    "Id": 13481,
    "Title": "Unable to change LookupDropDownUseStandardControl property"
  }
]