{
  "WorkItem": {
    "AffectedComponent": {
      "Name": "",
      "DisplayName": ""
    },
    "ClosedComment": "",
    "ClosedDate": null,
    "CommentCount": 0,
    "Custom": null,
    "Description": "I'm using Sharepoint 2013, today without any special action from me, sharepoint manager 2013 won't display the web application node ... so i'ts basically useless ? any help ??",
    "LastUpdatedDate": "2016-07-29T04:36:47.997-07:00",
    "PlannedForRelease": "",
    "ReleaseVisibleToPublic": false,
    "Priority": {
      "Name": "Unassigned",
      "Severity": 0,
      "Id": 0
    },
    "ProjectName": "spm",
    "ReportedDate": "2015-09-25T07:01:17.873-07:00",
    "Status": {
      "Name": "Proposed",
      "Id": 1
    },
    "ReasonClosed": {
      "Name": "Unassigned"
    },
    "Summary": "Sharepoint Manager 2013 won't display webapplication node",
    "Type": {
      "Name": "Unassigned",
      "Id": 5
    },
    "VoteCount": 2,
    "Id": 13422
  },
  "FileAttachments": [],
  "Comments": [
    {
      "Message": "We too have this same issue. everything loads except the web application node...anyone have any ideas? I am running this with the farm admin account.",
      "PostedDate": "2016-05-10T06:26:43.407-07:00",
      "Id": -2147483648
    },
    {
      "Message": "",
      "PostedDate": "2016-07-29T04:36:47.997-07:00",
      "Id": -2147483648
    }
  ]
}