{
  "WorkItem": {
    "AffectedComponent": {
      "Name": "",
      "DisplayName": ""
    },
    "ClosedComment": "",
    "ClosedDate": null,
    "CommentCount": 0,
    "Custom": null,
    "Description": "I need to change the \"LookupDropDownUseStandardControl\" property on the web application from TRUE to FALSE. This property was apparently changed by the SP1 install. I can change any other property value, but not this one. I click on the property, then pull down the dropdown list and choose FALSE, but it always stays TRUE. \n\nHas anyone else run into this issue? I have full admin rights to the farm, but I've tried with both my own account and running as administrator. Same thing. Not sure if it's an issue with SP Manager or with my database.",
    "LastUpdatedDate": "2017-01-27T07:13:24.263-08:00",
    "PlannedForRelease": "",
    "ReleaseVisibleToPublic": false,
    "Priority": {
      "Name": "Unassigned",
      "Severity": 0,
      "Id": 0
    },
    "ProjectName": "spm",
    "ReportedDate": "2017-01-27T07:13:24.263-08:00",
    "Status": {
      "Name": "Proposed",
      "Id": 1
    },
    "ReasonClosed": {
      "Name": "Unassigned"
    },
    "Summary": "Unable to change LookupDropDownUseStandardControl property",
    "Type": {
      "Name": "Unassigned",
      "Id": 5
    },
    "VoteCount": 1,
    "Id": 13481
  },
  "FileAttachments": [],
  "Comments": []
}