{
  "WorkItem": {
    "AffectedComponent": {
      "Name": "",
      "DisplayName": ""
    },
    "ClosedComment": "",
    "ClosedDate": null,
    "CommentCount": 0,
    "Custom": null,
    "Description": "Hi there, \n \nI download the SP Manager 2010 an tried to run it, but there came up an error message like this:\n\"Device can not open folder or file ... \"\n \nI tried to run it with administrator account but there is still the same error.",
    "LastUpdatedDate": "2013-02-21T17:50:22.98-08:00",
    "PlannedForRelease": "",
    "ReleaseVisibleToPublic": false,
    "Priority": {
      "Name": "Low",
      "Severity": 50,
      "Id": 1
    },
    "ProjectName": "spm",
    "ReportedDate": "2010-12-28T23:34:55.29-08:00",
    "Status": {
      "Name": "Proposed",
      "Id": 1
    },
    "ReasonClosed": {
      "Name": "Unassigned"
    },
    "Summary": "Can not run Sharepoint Manager 2010",
    "Type": {
      "Name": "Issue",
      "Id": 3
    },
    "VoteCount": 2,
    "Id": 10070
  },
  "FileAttachments": [],
  "Comments": []
}