{
  "WorkItem": {
    "AffectedComponent": {
      "Name": "",
      "DisplayName": ""
    },
    "ClosedComment": "",
    "ClosedDate": null,
    "CommentCount": 0,
    "Custom": null,
    "Description": "It would be great to see functionality in SPM for managing the hierarchical store. For example:\n \nhttp://features.codeplex.com/Thread/View.aspx?ThreadId=70181\nhttp://www.tonstegeman.com/Blog/Lists/Posts/Post.aspx?List=70640fe5%2D28d9%2D464f%2Db1c9%2D91e07c8f7e47&ID=99\nhttp://www.bluedoglimited.com/SharePointThoughts/ViewPost.aspx?ID=271",
    "LastUpdatedDate": "2013-02-21T17:50:23.16-08:00",
    "PlannedForRelease": "",
    "ReleaseVisibleToPublic": false,
    "Priority": {
      "Name": "Low",
      "Severity": 50,
      "Id": 1
    },
    "ProjectName": "spm",
    "ReportedDate": "2010-08-02T22:59:27.32-07:00",
    "Status": {
      "Name": "Proposed",
      "Id": 1
    },
    "ReasonClosed": {
      "Name": "Unassigned"
    },
    "Summary": "Feature Request - Functionality to manage the hierarchical store",
    "Type": {
      "Name": "Issue",
      "Id": 3
    },
    "VoteCount": 1,
    "Id": 9109
  },
  "FileAttachments": [],
  "Comments": [
    {
      "Message": "I'm not sure that this feature will make it in SPM2010 v2, but the new version of SPM is based on the MEF framework from Microsoft, so it will be possible to extend the application later on.",
      "PostedDate": "2010-12-17T13:09:51.833-08:00",
      "Id": -2147483648
    },
    {
      "Message": "",
      "PostedDate": "2013-02-21T17:50:23.16-08:00",
      "Id": -2147483648
    }
  ]
}