{
  "WorkItem": {
    "AffectedComponent": {
      "Name": "",
      "DisplayName": ""
    },
    "ClosedComment": "",
    "ClosedDate": null,
    "CommentCount": 0,
    "Custom": null,
    "Description": "I am installing on the SharePoint server, running as administrator. I am admin on the SharePoint farm and I also have the database access as suggested on another post to this site. I get no error message and the install (SharePoint Manager 2010.exe) does nothing.\n \nI did all of the following, and I also verified that I have .net v.2.0:\n \n- Run this executable on the Machine Sharepoint is installed on.\n- Run as an administrator (be sure you are an administrator)\n- You must have access to the Sharepoint_AdminContent_<GUID> database as well as the Sharepoint_Config database ( on SQL-level )\n- Just to make sure, grant yourself access to the WSS_Content database\n- Make sure you are a farm administrator (via the central admin)",
    "LastUpdatedDate": "2013-02-21T17:50:21.097-08:00",
    "PlannedForRelease": "",
    "ReleaseVisibleToPublic": false,
    "Priority": {
      "Name": "Low",
      "Severity": 50,
      "Id": 1
    },
    "ProjectName": "spm",
    "ReportedDate": "2012-06-14T06:23:37.323-07:00",
    "Status": {
      "Name": "Proposed",
      "Id": 1
    },
    "ReasonClosed": {
      "Name": "Unassigned"
    },
    "Summary": "Can't Install SharePoint Manager",
    "Type": {
      "Name": "Issue",
      "Id": 3
    },
    "VoteCount": 1,
    "Id": 12266
  },
  "FileAttachments": [],
  "Comments": []
}