[
  {
    "Id": "0",
    "Name": "SharePoint Manager 2013 Ver 1.0.12.1030",
    "DevelopmentStatus": "Stable",
    "Description": "The second release of the SharePoint Manager for SharePoint 2013\n\nThe beta 2 has a totally rewritten SharePoint object model representation and tested on SharePoint 2013 RTM.\n\nThe beta 1 is still the old model viewer, tested on SharePoint 2013 Beta.",
    "ReleasedDatge": "0001-01-01T00:00:00",
    "ModifiedDate": "2012-10-29T18:22:52.873-07:00",
    "Files": [
      {
        "Id": "8da2a950-6911-44a4-99e3-8c68dfff2dba",
        "FileName": "SharePoint Manager 2013.zip",
        "Url": "./0/8da2a950-6911-44a4-99e3-8c68dfff2dba",
        "Type": "Application",
        "UploadDate": "2012-10-29T18:22:52.03-07:00"
      },
      {
        "Id": "a8d0dfe0-1ff7-43ba-9eb5-dd968711cc54",
        "FileName": "SharePoint Manager 2013.zip",
        "Url": "./0/a8d0dfe0-1ff7-43ba-9eb5-dd968711cc54",
        "Type": "Application",
        "UploadDate": "2012-10-13T07:27:20.287-07:00"
      }
    ]
  },
  {
    "Id": "1",
    "Name": "SharePoint Manager 2010 beta2 ver 1.0.12.1019",
    "DevelopmentStatus": "Stable",
    "Description": "Proud to present the next release of SharePoint Manager\n\nThis release is the Beta 2 version.\n\nVer: 1.0.12.1019\n--\n- Bugfix on SPContentType view.",
    "ReleasedDatge": "0001-01-01T00:00:00",
    "ModifiedDate": "2012-10-18T15:30:58.353-07:00",
    "Files": [
      {
        "Id": "2c2b7784-ca61-4093-8444-bba1d0d7f784",
        "FileName": "SharePoint Manager 2010 ver1.0.12.1019.zip",
        "Url": "./1/2c2b7784-ca61-4093-8444-bba1d0d7f784",
        "Type": "Application",
        "UploadDate": "2012-10-18T15:30:30.187-07:00"
      },
      {
        "Id": "6f45750b-b4bc-4943-a1a8-ea561d3f6618",
        "FileName": "SharePoint Manager 2010.zip",
        "Url": "./1/6f45750b-b4bc-4943-a1a8-ea561d3f6618",
        "Type": "Application",
        "UploadDate": "2012-10-14T16:07:52.447-07:00"
      }
    ]
  },
  {
    "Id": "2",
    "Name": "SharePoint Manager 2010 ver 0.9.11.0206",
    "DevelopmentStatus": "Stable",
    "Description": "We are proud to announce the release for the SharePoint Manager 2010, the new release is available. There are some smaller bug fix and some new feature in 2010. All new objects in the SharePoint 2010 object model is marked with a grey background, like User Solutions (aka Sandbox Solutions).",
    "ReleasedDatge": "0001-01-01T00:00:00",
    "ModifiedDate": "2009-11-15T08:19:33.823-08:00",
    "Files": [
      {
        "Id": "bcb93806-74f9-4ad4-8f0a-d5a9f56a5741",
        "FileName": "SharePoint Manager 2010.zip",
        "Url": "./2/bcb93806-74f9-4ad4-8f0a-d5a9f56a5741",
        "Type": "Application",
        "UploadDate": "2009-11-15T08:19:33.683-08:00"
      }
    ]
  },
  {
    "Id": "3",
    "Name": "SharePoint Manager 2007 ver 0.9.9.0205",
    "DevelopmentStatus": "Stable",
    "Description": "The SPM2007 application only uses the SharePoint Windows Services 3.0 object model. \nThe application do not access the Sql Server directly or using other kind of hacks.\n\nWarning!\nThis program enables you to update the data in SharePoint object model directly.\nTherefore be very careful when changing the data.\n\nHow to install:\n1. Download the ZIP file and unpack on a SharePoint 2007 Server.*\n2. Run the SharePoint Manager 2007.exe program.\n\n(*) This program has to run on a server where Microsoft SharePoint Services 3.0 or Microsoft Office SharePoint Server 2007 is installed.\n\nNB! Be sure that you are on the front-end server and is a server administrator.\n\nPrerequisites:\n------------------\nSharePoint 3.0\nMicrosoft .NET Framework 2.0\nMicrosoft SharePoint Services 3.0 \n\n\nVer: 0.9.9.0205\n------------------\n- Warning on deletion implemented.\n- Icons for nodes updated.\n- Dutch and Swedish languages implemented.",
    "ReleasedDatge": "0001-01-01T00:00:00",
    "ModifiedDate": "2009-02-05T07:03:05.38-08:00",
    "Files": [
      {
        "Id": "babab92d-2e35-4d6f-896d-b9edb688d696",
        "FileName": "SPM2007.zip",
        "Url": "./3/babab92d-2e35-4d6f-896d-b9edb688d696",
        "Type": "Application",
        "UploadDate": "2009-02-05T07:01:59.863-08:00"
      }
    ]
  },
  {
    "Id": "4",
    "Name": "SharePoint Manager 2007 ver 0.9.8.1002",
    "DevelopmentStatus": "None",
    "Description": "The SPM2007 application only uses the SharePoint Windows Services 3.0 object model. \nThe application do not access the Sql Server directly or using other kind of hacks.\n\nWarning!\nThis program enables you to update the data in SharePoint object model directly.\nTherefore be very careful when changing the data.\n\nHow to install:\n1. Download the ZIP file and unpack on a SharePoint 2007 Server.*\n2. Run the SharePoint Manager 2007.exe program.\n\n(*) This program has to run on a server where Microsoft SharePoint Services 3.0 or Microsoft Office SharePoint Server 2007 is installed.\n\nNB! Be sure that you are on the front-end server and is a server administrator.\n\nPrerequisites:\n------------------\nSharePoint 3.0\nMicrosoft .NET Framework 2.0\nMicrosoft SharePoint Services 3.0 \n\n\nVer: 0.9.8.1002\n------------------\n- Feature collection now uses try catch on invalid features.\n- Title used to show names of JobDefinitions.\n- SPEventReceiverDefinition implemented. EventReceivers are now browsable.",
    "ReleasedDatge": "0001-01-01T00:00:00",
    "ModifiedDate": "2008-10-03T05:46:08.637-07:00",
    "Files": [
      {
        "Id": "0065ca79-4905-475a-af88-398611362d99",
        "FileName": "spm2007.zip",
        "Url": "./4/0065ca79-4905-475a-af88-398611362d99",
        "Type": "Application",
        "UploadDate": "2008-10-03T05:46:08.78-07:00"
      }
    ]
  },
  {
    "Id": "5",
    "Name": "SharePoint Manager 2007 ver 0.32.8.0218",
    "DevelopmentStatus": "None",
    "Description": "The SPM2007 application only uses the SharePoint Windows Services 3.0 object model. \nThe application do not access the Sql Server directly or using other kind of hacks.\n\nWarning!\nThis program enables you to update the data in SharePoint object model directly.\nTherefore be very careful when changing the data.\n\nHow to install:\n1. Download the ZIP file and unpack on a SharePoint 2007 Server.*\n2. Run the SharePoint Manager 2007.exe program.\n\n(*) This program has to run on a server where Microsoft SharePoint Services 3.0 or Microsoft Office SharePoint Server 2007 is installed.\n\nNB! Be sure that you are on the front-end server and is a server administrator.\n\nPrerequisites:\n------------------\nSharePoint 3.0\nMicrosoft .NET Framework 2.0\nMicrosoft SharePoint Services 3.0 \n\nVer: 0.32.8.0218\n------------------\n- Change the NodeMouseClick event on treeview control intro a BeforeSelect, so the arrow keys can be just for navigation",
    "ReleasedDatge": "0001-01-01T00:00:00",
    "ModifiedDate": "2008-02-18T01:38:49.15-08:00",
    "Files": [
      {
        "Id": "5d656c0d-9617-4745-8ee4-e8c7242fd2ed",
        "FileName": "spm2007.zip",
        "Url": "./5/5d656c0d-9617-4745-8ee4-e8c7242fd2ed",
        "Type": "Application",
        "UploadDate": "2008-02-18T01:38:49.15-08:00"
      }
    ]
  },
  {
    "Id": "6",
    "Name": "SharePoint Manager 2007 ver 0.32.7.1212",
    "DevelopmentStatus": "None",
    "Description": "The SPM2007 application only uses the SharePoint Windows Services 3.0 object model. \nThe application do not access the Sql Server directly or using other kind of hacks.\n\nWarning!\nThis program enables you to update the data in SharePoint object model directly.\nTherefore be very careful when changing the data.\n\nHow to install:\n1.\tDownload the ZIP file and unpack on a SharePoint 2007 Server.*\n2.\tRun the SharePoint Manager 2007.exe program.\n\n(*) This program has to run on a server where Microsoft SharePoint Services 3.0 or Microsoft Office SharePoint Server 2007 is installed.\n\nNB! Be sure that you are on the front-end server and is a server administrator.\n\nPrerequisites:\n------------------\nSharePoint 3.0\nMicrosoft  .NET Framework 2.0\nMicrosoft SharePoint Services 3.0 \n\nVer: 0.32.7.1212\n------------------\n- Folder node for every site added.\n- Default view changed to Advanced.\n",
    "ReleasedDatge": "0001-01-01T00:00:00",
    "ModifiedDate": "2008-02-18T00:49:14.503-08:00",
    "Files": [
      {
        "Id": "de5f3f68-4d46-4be9-87e2-a1f087e27355",
        "FileName": "spm2007.zip",
        "Url": "./6/de5f3f68-4d46-4be9-87e2-a1f087e27355",
        "Type": "Application",
        "UploadDate": "2007-12-12T12:57:20.847-08:00"
      }
    ]
  },
  {
    "Id": "7",
    "Name": "SharePoint Manager 2013 Release ver 1.0.12.1106",
    "DevelopmentStatus": "Stable",
    "Description": "SharePoint Manager 2013 Release (ver: 1.0.12.1106) is now ready for SharePoint 2013.\n\nThe new version has an expanded view of the SharePoint object model and has been tested on SharePoint 2013 RTM.\n\nAs a bonus, the new version is also available for SharePoint 2010 as a separate download.",
    "ReleasedDatge": "0001-01-01T00:00:00",
    "ModifiedDate": "2012-11-06T15:53:19.68-08:00",
    "Files": [
      {
        "Id": "295fe4f5-4e1a-4db4-ab79-a44792f96f6f",
        "FileName": "SharePoint Manager 2013.zip",
        "Url": "./7/295fe4f5-4e1a-4db4-ab79-a44792f96f6f",
        "Type": "Application",
        "UploadDate": "2012-11-06T15:52:08.413-08:00"
      },
      {
        "Id": "486aa291-247c-4bd7-96f4-a5018823c154",
        "FileName": "SharePoint Manager 2010.zip",
        "Url": "./7/486aa291-247c-4bd7-96f4-a5018823c154",
        "Type": "Application",
        "UploadDate": "2012-11-06T15:52:08.447-08:00"
      }
    ]
  }
]