[
  {
    "Title": "Home",
    "Id": "1795505",
    "ParentWikiTitle": "Home",
    "FileExtension": "codeplexwiki",
    "UpdatedDate": "2015-03-19T14:13:26.09-07:00",
    "FileAttachments": [
      {
        "Id": "884470f6-fd00-41bd-8dd2-988d3120455d",
        "FileName": "03170127_small.jpg",
        "DownloadUri": "./1795505/884470f6-fd00-41bd-8dd2-988d3120455d"
      }
    ]
  },
  {
    "Title": "http://spm.codeplex.com/Release/ProjectReleases.aspx?ReleaseId=22762",
    "Id": "218525",
    "ParentWikiTitle": "Home",
    "FileExtension": "codeplexwiki",
    "UpdatedDate": "2009-12-14T10:15:09.92-08:00",
    "FileAttachments": []
  },
  {
    "Title": "Documentation",
    "Id": "209417",
    "ParentWikiTitle": "Documentation",
    "FileExtension": "codeplexwiki",
    "UpdatedDate": "2009-11-15T08:22:04.25-08:00",
    "FileAttachments": []
  }
]
