{
  "WorkItem": {
    "AffectedComponent": {
      "Name": "",
      "DisplayName": ""
    },
    "ClosedComment": "",
    "ClosedDate": null,
    "CommentCount": 0,
    "Custom": null,
    "Description": "Hello\nWe tried the SharePoint Versioning Manager 2013.\n\nAlthough space was freed up on the site collection the\nold versions where not deleted and the old documents\nwhere retrievable. \n\nThe command \"scan versions deeply and clean up\" was also used.\nWe tested with one document library and also with the whole site collection.\n\nThe user that runs the programm is site collection administrator.\n\nWhat is missed?\n\nRegards\nNickxx",
    "LastUpdatedDate": "2015-07-14T04:27:50.2-07:00",
    "PlannedForRelease": "",
    "ReleaseVisibleToPublic": false,
    "Priority": {
      "Name": "Unassigned",
      "Severity": 0,
      "Id": 0
    },
    "ProjectName": "VersioningManager",
    "ReportedDate": "2015-07-14T04:27:50.2-07:00",
    "Status": {
      "Name": "Proposed",
      "Id": 1
    },
    "ReasonClosed": {
      "Name": "Unassigned"
    },
    "Summary": "Versions are not cleaned up",
    "Type": {
      "Name": "Unassigned",
      "Id": 5
    },
    "VoteCount": 1,
    "Id": 1372
  },
  "FileAttachments": [],
  "Comments": []
}