{
  "WorkItem": {
    "AffectedComponent": {
      "Name": "",
      "DisplayName": ""
    },
    "ClosedComment": "",
    "ClosedDate": null,
    "CommentCount": 0,
    "Custom": null,
    "Description": "Got this error on some libraries but not others. There were two variations in the symptoms. In one case we got blank results for the analyse tab, in another we got 4 results out of a total of 12,452 items in the library. It also seems to be somewhat inconsistent. I selected the two large libraries several times while running the Versioning Manager, and got both results. Both during the same run session with the program, and when I closed the program and ran it a second time. I also got a blank tab or partial results with some libraries that only had a couple of hundred items.\n\nI watched the process in task manager, and saw it's memory usage grow and then drop, when the blank analyse tab showed up. When I got partial results it grew and then stayed.\n\n\nCould it be folder level depth? Or some",
    "LastUpdatedDate": "2014-07-25T08:56:29.84-07:00",
    "PlannedForRelease": "",
    "ReleaseVisibleToPublic": false,
    "Priority": {
      "Name": "Unassigned",
      "Severity": 0,
      "Id": 0
    },
    "ProjectName": "VersioningManager",
    "ReportedDate": "2014-07-25T08:56:04.963-07:00",
    "Status": {
      "Name": "Proposed",
      "Id": 1
    },
    "ReasonClosed": {
      "Name": "Unassigned"
    },
    "Summary": "Object reference not set to an instance of an object",
    "Type": {
      "Name": "Unassigned",
      "Id": 5
    },
    "VoteCount": 1,
    "Id": 1275
  },
  "FileAttachments": [
    {
      "FileId": 1570,
      "FileName": "sharepoint versioning manager v1 - exception 1.jpg",
      "DownloadUrl": ".\\1570"
    },
    {
      "FileId": 1571,
      "FileName": "sharepoint versioning manager v1 - exception 2.jpg",
      "DownloadUrl": ".\\1571"
    }
  ],
  "Comments": []
}