{
  "WorkItem": {
    "AffectedComponent": {
      "Name": "",
      "DisplayName": ""
    },
    "ClosedComment": "",
    "ClosedDate": null,
    "CommentCount": 0,
    "Custom": null,
    "Description": "This seems less than useful. I know the Current Version is stored as text (although converting it to a float for the UI should be trivial), I expected TotalVersions to work like a number and sort accordingly.",
    "LastUpdatedDate": "2014-07-25T08:44:35.527-07:00",
    "PlannedForRelease": "",
    "ReleaseVisibleToPublic": false,
    "Priority": {
      "Name": "Unassigned",
      "Severity": 0,
      "Id": 0
    },
    "ProjectName": "VersioningManager",
    "ReportedDate": "2014-07-25T08:44:01.837-07:00",
    "Status": {
      "Name": "Proposed",
      "Id": 1
    },
    "ReasonClosed": {
      "Name": "Unassigned"
    },
    "Summary": "When library is selected Total Versions sorts like text instead of a number",
    "Type": {
      "Name": "Unassigned",
      "Id": 5
    },
    "VoteCount": 1,
    "Id": 1274
  },
  "FileAttachments": [
    {
      "FileId": 1569,
      "FileName": "sharepoint versioning manager v1 - sort oddity.jpg",
      "DownloadUrl": ".\\1569"
    }
  ],
  "Comments": []
}