{
  "WorkItem": {
    "AffectedComponent": {
      "Name": "",
      "DisplayName": ""
    },
    "ClosedComment": "",
    "ClosedDate": null,
    "CommentCount": 0,
    "Custom": null,
    "Description": "Sounds like interesting tool!\nI'm working with Office 365 (sharepoint 2010 version) and I don't have a sharepoint server installed. As such the versioning manager is complaining about the missing dll(s); It's not able to load Microsoft.SharePoint assembly version 12.\n\nMy understanding of how these assemblies work are limited; but would this also come as part of the redistributable ?\nhttp://www.microsoft.com/en-us/download/details.aspx?id=21786\n\nIf so, would you be so kind as to compile against the redistributable instead?\n\nThanks!",
    "LastUpdatedDate": "2013-06-22T23:55:36.303-07:00",
    "PlannedForRelease": "",
    "ReleaseVisibleToPublic": false,
    "Priority": {
      "Name": "Unassigned",
      "Severity": 0,
      "Id": 0
    },
    "ProjectName": "VersioningManager",
    "ReportedDate": "2013-06-22T23:55:36.303-07:00",
    "Status": {
      "Name": "Proposed",
      "Id": 1
    },
    "ReasonClosed": {
      "Name": "Unassigned"
    },
    "Summary": "reference redistributable",
    "Type": {
      "Name": "Unassigned",
      "Id": 5
    },
    "VoteCount": 1,
    "Id": 1002
  },
  "FileAttachments": [],
  "Comments": []
}