[
  {
    "Id": "0",
    "Name": "SharePoint Versioning Manager 2013 v.1.0",
    "DevelopmentStatus": "Stable",
    "Description": "SharePoint Versioning Manager 2013 v.1.0",
    "ReleasedDatge": "0001-01-01T00:00:00",
    "ModifiedDate": "2015-03-27T23:24:50.9-07:00",
    "Files": [
      {
        "Id": "1da546fa-2d9e-482e-b85e-714dbc24f805",
        "FileName": "SharePoint Version Manager 2013 v.1.0.exe",
        "Url": "./0/1da546fa-2d9e-482e-b85e-714dbc24f805",
        "Type": "Application",
        "UploadDate": "2015-03-27T23:23:48.467-07:00"
      }
    ]
  },
  {
    "Id": "1",
    "Name": "SharePoint Versioning Manager v.1.0",
    "DevelopmentStatus": "Stable",
    "Description": "SharePoint Versioning Manager V.1.0",
    "ReleasedDatge": "0001-01-01T00:00:00",
    "ModifiedDate": "2013-01-17T03:13:59.17-08:00",
    "Files": [
      {
        "Id": "1b9ffe47-1171-4316-9ee9-ebfac0631804",
        "FileName": "SharePoint Versioning Manager 1.0.exe",
        "Url": "./1/1b9ffe47-1171-4316-9ee9-ebfac0631804",
        "Type": "Application",
        "UploadDate": "2013-01-17T02:19:10.817-08:00"
      }
    ]
  }
]